Date,TeamA,TeamB,ScoreA,ScoreB,Tournament,Location,RatingChangeA,RatingChangeB,NewRatingA,NewRatingB
2019-01-02,Oman,Thailand,2,0,Friendly,the United Arab Emirates,+9,-9,1534,1372
2019-01-05,United Arab Emirates,Bahrain,1,1,Asian Cup,the United Arab Emirates,-10,+10,1472,1441
2019-01-06,India,Thailand,4,1,Asian Cup,the United Arab Emirates,+62,-62,1280,1310
2019-01-06,Jordan,Australia,1,0,Asian Cup,the United Arab Emirates,+42,-42,1488,1693
2019-01-06,Palestine,Syria,0,0,Asian Cup,the United Arab Emirates,+14,-14,1390,1584
2019-01-07,China,Kyrgyzstan,2,1,Asian Cup,the United Arab Emirates,+11,-11,1526,1277
2019-01-07,Iran,Yemen,5,0,Asian Cup,the United Arab Emirates,+3,-3,1826,1185
2019-01-07,South Korea,Philippines,1,0,Asian Cup,the United Arab Emirates,+1,-1,1779,1170
2019-01-08,Finland,Sweden,1,0,Friendly,Qatar,+16,-16,1637,1835
2019-01-08,Iraq,Vietnam,3,2,Asian Cup,the United Arab Emirates,+10,-10,1590,1325
2019-01-08,Saudi Arabia,North Korea,4,0,Asian Cup,the United Arab Emirates,+28,-28,1609,1401
2019-01-09,Japan,Turkmenistan,3,2,Asian Cup,the United Arab Emirates,+3,-3,1734,1243
2019-01-09,Qatar,Lebanon,2,0,Asian Cup,the United Arab Emirates,+29,-29,1557,1422
2019-01-09,Uzbekistan,Oman,2,1,Asian Cup,the United Arab Emirates,+21,-21,1611,1513
2019-01-10,Jordan,Syria,2,0,Asian Cup,the United Arab Emirates,+48,-48,1536,1536
2019-01-10,Thailand,Bahrain,1,0,Asian Cup,the United Arab Emirates,+34,-34,1344,1407
2019-01-10,United Arab Emirates,India,2,0,Asian Cup,the United Arab Emirates,+12,-12,1484,1268
2019-01-11,Australia,Palestine,3,0,Asian Cup,the United Arab Emirates,+13,-13,1706,1377
2019-01-11,China,Philippines,3,0,Asian Cup,the United Arab Emirates,+10,-10,1536,1160
2019-01-11,Estonia,Finland,2,1,Friendly,Qatar,+15,-15,1483,1622
2019-01-11,Iceland,Sweden,2,2,Friendly,Qatar,+4,-4,1672,1831
2019-01-11,South Korea,Kyrgyzstan,1,0,Asian Cup,the United Arab Emirates,+3,-3,1782,1274
2019-01-12,Iran,Vietnam,2,0,Asian Cup,the United Arab Emirates,+4,-4,1830,1321
2019-01-12,Iraq,Yemen,3,0,Asian Cup,the United Arab Emirates,+8,-8,1598,1177
2019-01-12,Saudi Arabia,Lebanon,2,0,Asian Cup,the United Arab Emirates,+19,-19,1628,1403
2019-01-13,Japan,Oman,1,0,Asian Cup,the United Arab Emirates,+11,-11,1745,1502
2019-01-13,Qatar,North Korea,6,0,Asian Cup,the United Arab Emirates,+31,-31,1588,1370
2019-01-13,Uzbekistan,Turkmenistan,4,0,Asian Cup,the United Arab Emirates,+10,-10,1621,1233
2019-01-14,Bahrain,India,1,0,Asian Cup,the United Arab Emirates,+15,-15,1422,1253
2019-01-14,United Arab Emirates,Thailand,1,1,Asian Cup,the United Arab Emirates,-15,+15,1469,1359
2019-01-15,Australia,Syria,3,2,Asian Cup,the United Arab Emirates,+14,-14,1720,1522
2019-01-15,Estonia,Iceland,0,0,Friendly,Qatar,+5,-5,1488,1667
2019-01-15,Jordan,Palestine,0,0,Asian Cup,the United Arab Emirates,-11,+11,1525,1388
2019-01-16,Iran,Iraq,0,0,Asian Cup,the United Arab Emirates,-15,+15,1815,1613
2019-01-16,Kyrgyzstan,Philippines,3,1,Asian Cup,the United Arab Emirates,+26,-26,1300,1134
2019-01-16,South Korea,China,2,0,Asian Cup,the United Arab Emirates,+15,-15,1797,1521
2019-01-16,Vietnam,Yemen,2,0,Asian Cup,the United Arab Emirates,+23,-23,1344,1154
2019-01-17,Japan,Uzbekistan,2,1,Asian Cup,the United Arab Emirates,+16,-16,1761,1605
2019-01-17,Lebanon,North Korea,4,1,Asian Cup,the United Arab Emirates,+40,-40,1443,1330
2019-01-17,Oman,Turkmenistan,3,1,Asian Cup,the United Arab Emirates,+13,-13,1515,1220
2019-01-17,Qatar,Saudi Arabia,2,0,Asian Cup,the United Arab Emirates,+42,-42,1630,1586
2019-01-20,China,Thailand,2,1,Asian Cup,the United Arab Emirates,+14,-14,1535,1345
2019-01-20,Iran,Oman,2,0,Asian Cup,the United Arab Emirates,+11,-11,1826,1504
2019-01-20,Jordan,Vietnam,1,1,Asian Cup,the United Arab Emirates,-12,+12,1513,1356
2019-01-21,Australia,Uzbekistan,0,0,Asian Cup,the United Arab Emirates,-8,+8,1712,1613
2019-01-21,Japan,Saudi Arabia,1,0,Asian Cup,the United Arab Emirates,+13,-13,1774,1573
2019-01-21,United Arab Emirates,Kyrgyzstan,3,2,Asian Cup,the United Arab Emirates,+9,-9,1478,1291
2019-01-22,Qatar,Iraq,1,0,Asian Cup,the United Arab Emirates,+24,-24,1654,1589
2019-01-22,South Korea,Bahrain,2,1,Asian Cup,the United Arab Emirates,+5,-5,1802,1417
2019-01-24,Iran,China,3,0,Asian Cup,the United Arab Emirates,+14,-14,1840,1521
2019-01-24,Japan,Vietnam,1,0,Asian Cup,the United Arab Emirates,+4,-4,1778,1352
2019-01-25,Qatar,South Korea,1,0,Asian Cup,the United Arab Emirates,+35,-35,1689,1767
2019-01-25,United Arab Emirates,Australia,1,0,Asian Cup,the United Arab Emirates,+34,-34,1512,1678
2019-01-27,United States,Panama,3,0,Friendly,the United States,+6,-6,1749,1561
2019-01-28,Japan,Iran,3,0,Asian Cup,the United Arab Emirates,+51,-51,1829,1789
2019-01-29,United Arab Emirates,Qatar,0,4,Asian Cup,the United Arab Emirates,-37,+37,1475,1726
2019-02-01,Qatar,Japan,3,1,Asian Cup,the United Arab Emirates,+48,-48,1774,1781
2019-02-02,United States,Costa Rica,2,0,Friendly,the United States,+10,-10,1759,1714
2019-02-16,Dominican Republic,Guadeloupe,1,0,Friendly,the Dominican Republic,+6,-6,1270,1198
2019-02-21,Kazakhstan,Moldova,1,0,Friendly,Turkey,+10,-10,1340,1314
2019-02-23,Sint Maarten,Saint Barthélemy,1,1,Friendly,Sint Maarten,-5,+5,805,703
2019-02-25,Cuba,Bermuda,2,2,Friendly,Cuba,-6,+6,1333,1188
2019-02-27,Cuba,Bermuda,5,0,Friendly,Cuba,+8,-8,1341,1180
2019-02-28,Grenada,Saint Lucia,1,0,Windward Islands Championship,Saint Vincent and the Grenadines,+18,-18,1089,1123
2019-02-28,Saint Vincent and the Grenadines,Barbados,2,0,Windward Islands Championship,Saint Vincent and the Grenadines,+20,-20,1099,1114
2019-03-02,Dominica,Grenada,1,0,Windward Islands Championship,Saint Vincent and the Grenadines,+17,-17,1060,1072
2019-03-02,Saint Vincent and the Grenadines,Saint Lucia,2,1,Windward Islands Championship,Saint Vincent and the Grenadines,+12,-12,1111,1111
2019-03-03,Bolivia,Nicaragua,2,2,Friendly,Bolivia,-9,+9,1646,1289
2019-03-04,Barbados,Grenada,0,0,Windward Islands Championship,Saint Vincent and the Grenadines,-2,+2,1112,1074
2019-03-04,Dominica,Saint Lucia,1,1,Windward Islands Championship,Saint Vincent and the Grenadines,+2,-2,1062,1109
2019-03-06,Barbados,Saint Lucia,2,0,Windward Islands Championship,Saint Vincent and the Grenadines,+22,-22,1134,1087
2019-03-06,El Salvador,Guatemala,3,1,Friendly,the United States,+17,-17,1471,1478
2019-03-06,Saint Vincent and the Grenadines,Dominica,2,1,Windward Islands Championship,Saint Vincent and the Grenadines,+9,-9,1120,1053
2019-03-08,Barbados,Dominica,2,0,Windward Islands Championship,Saint Vincent and the Grenadines,+17,-17,1151,1036
2019-03-08,Saint Vincent and the Grenadines,Grenada,1,1,Windward Islands Championship,Saint Vincent and the Grenadines,-6,+6,1114,1080
2019-03-09,Cambodia,Bangladesh,0,1,Friendly,Cambodia,-13,+13,779,804
2019-03-10,Anguilla,Saint Martin,2,1,Friendly,Anguilla,+14,-14,594,814
2019-03-10,Mozambique,Eswatini,1,1,Friendly,South Africa,-3,+3,1295,1205
2019-03-16,Bahamas,Turks and Caicos Islands,6,1,Friendly,the Bahamas,+11,-11,866,768
2019-03-16,Suriname,Guyana,3,1,Friendly,Suriname,+8,-8,1266,1176
2019-03-17,Saint Barthélemy,Saint Martin,4,3,Friendly,Saint Barthélemy,+10,-10,713,804
2019-03-18,Fiji,New Caledonia,3,0,Friendly tournament,Fiji,+20,-20,1229,1201
2019-03-18,Solomon Islands,Vanuatu,3,1,Friendly,the Solomon Islands,+11,-11,1217,1196
2019-03-19,Myanmar,Taiwan,0,0,Friendly,Myanmar,-5,+5,1052,979
2019-03-20,Germany,Serbia,1,1,Friendly,Germany,-6,+6,1932,1813
2019-03-20,Iraq,Syria,1,0,Friendly tournament,Iraq,+8,-8,1597,1514
2019-03-20,Malaysia,Singapore,0,1,Friendly tournament,Malaysia,-21,+21,1106,1101
2019-03-20,Oman,Afghanistan,5,0,Friendly tournament,Malaysia,+7,-7,1511,1141
2019-03-20,Wales,Trinidad and Tobago,1,0,Friendly,Wales,+2,-2,1762,1431
2019-03-21,Austria,Poland,0,1,European Championship qualifier,Austria,-26,+26,1738,1778
2019-03-21,Belgium,Russia,3,1,European Championship qualifier,Belgium,+6,-6,2041,1747
2019-03-21,British Virgin Islands,Turks and Caicos Islands,2,2,CONCACAF Nations League qualifier,Anguilla,+7,-7,650,761
2019-03-21,China,Thailand,0,1,Friendly tournament,China,-25,+25,1496,1370
2019-03-21,Croatia,Azerbaijan,2,1,European Championship qualifier,Croatia,+1,-1,1926,1402
2019-03-21,Cyprus,San Marino,5,0,European Championship qualifier,Cyprus,+2,-2,1416,834
2019-03-21,Israel,Slovenia,1,1,European Championship qualifier,Israel,-6,+6,1555,1566
2019-03-21,Kazakhstan,Scotland,3,0,European Championship qualifier,Kazakhstan,+58,-58,1398,1664
2019-03-21,Kosovo,Denmark,2,2,Friendly,Kosovo,+7,-7,1503,1891
2019-03-21,Kuwait,Nepal,0,0,Friendly,Kuwait,-10,+10,1424,888
2019-03-21,Mauritius,New Caledonia,3,1,Friendly tournament,Fiji,+30,-30,1102,1171
2019-03-21,Netherlands,Belarus,4,0,European Championship qualifier,the Netherlands,+3,-3,1989,1536
2019-03-21,North Macedonia,Latvia,3,1,European Championship qualifier,North Macedonia,+8,-8,1527,1290
2019-03-21,Northern Ireland,Estonia,2,0,European Championship qualifier,Northern Ireland,+12,-12,1635,1476
2019-03-21,Slovakia,Hungary,2,0,European Championship qualifier,Slovakia,+12,-12,1760,1599
2019-03-21,Saint Vincent and the Grenadines,Bonaire,2,1,CONCACAF Nations League qualifier,Saint Vincent and the Grenadines,+8,-8,1122,966
2019-03-21,United Arab Emirates,Saudi Arabia,2,1,Friendly,the United Arab Emirates,+10,-10,1485,1563
2019-03-21,United States,Ecuador,1,0,Friendly,the United States,+8,-8,1767,1764
2019-03-22,Albania,Turkey,0,2,European Championship qualifier,Albania,-24,+24,1491,1715
2019-03-22,Algeria,Gambia,1,1,African Nations Cup qualifier,Algeria,-15,+15,1529,1321
2019-03-22,Andorra,Iceland,0,2,European Championship qualifier,Andorra,-3,+3,1078,1670
2019-03-22,Anguilla,US Virgin Islands,0,3,CONCACAF Nations League qualifier,Anguilla,-33,+33,561,748
2019-03-22,Botswana,Angola,0,1,African Nations Cup qualifier,Botswana,-25,+25,1289,1350
2019-03-22,Bulgaria,Montenegro,1,1,European Championship qualifier,Bulgaria,-8,+8,1621,1597
2019-03-22,Burkina Faso,Mauritania,1,0,African Nations Cup qualifier,Burkina Faso,+7,-7,1533,1349
2019-03-22,Cayman Islands,Montserrat,1,2,CONCACAF Nations League qualifier,the Cayman Islands,-34,+34,910,766
2019-03-22,England,Czechia,5,0,European Championship qualifier,England,+10,-10,1970,1719
2019-03-22,Guatemala,Costa Rica,1,0,Friendly,Guatemala,+14,-14,1492,1700
2019-03-22,Japan,Colombia,0,1,Friendly,Japan,-8,+8,1773,1969
2019-03-22,Luxembourg,Lithuania,2,1,European Championship qualifier,Luxembourg,+14,-14,1362,1324
2019-03-22,Malawi,Morocco,0,0,African Nations Cup qualifier,Malawi,+16,-16,1269,1714
2019-03-22,Mexico,Chile,3,1,Friendly,the United States,+18,-18,1805,1833
2019-03-22,Moldova,France,1,4,European Championship qualifier,Moldova,-1,+1,1313,2094
2019-03-22,Nigeria,Seychelles,3,1,African Nations Cup qualifier,Nigeria,0,0,1713,969
2019-03-22,Peru,Paraguay,1,0,Friendly,the United States,+6,-6,1861,1719
2019-03-22,Portugal,Ukraine,0,0,European Championship qualifier,Portugal,-14,+14,1945,1786
2019-03-22,South Korea,Bolivia,1,0,Friendly,South Korea,+4,-4,1771,1642
2019-03-22,Saint Lucia,Aruba,3,2,CONCACAF Nations League qualifier,Antigua and Barbuda,+12,-12,1099,920
2019-03-22,Sudan,Equatorial Guinea,1,4,African Nations Cup qualifier,Sudan,-43,+43,1236,1338
2019-03-22,Tunisia,Eswatini,4,0,African Nations Cup qualifier,Tunisia,+3,-3,1653,1202
2019-03-22,Uruguay,Uzbekistan,3,0,Friendly tournament,China,+8,-8,1931,1605
2019-03-22,Venezuela,Argentina,3,1,Friendly,Spain,+21,-21,1777,1894
2019-03-23,Antigua and Barbuda,Curaçao,2,1,CONCACAF Nations League qualifier,Antigua and Barbuda,+24,-24,1195,1310
2019-03-23,Bosnia and Herzegovina,Armenia,2,1,European Championship qualifier,Bosnia and Herzegovina,+3,-3,1798,1445
2019-03-23,Brazil,Panama,1,1,Friendly,Portugal,-9,+9,2128,1570
2019-03-23,Burundi,Gabon,1,1,African Nations Cup qualifier,Burundi,-3,+3,1361,1409
2019-03-23,Cameroon,Comoros,3,0,African Nations Cup qualifier,Cameroon,+2,-2,1601,1087
2019-03-23,Dominica,Bahamas,4,0,CONCACAF Nations League qualifier,Dominica,+13,-13,1049,853
2019-03-23,El Salvador,Jamaica,2,0,CONCACAF Nations League qualifier,El Salvador,+30,-30,1501,1540
2019-03-23,Georgia,Switzerland,0,2,European Championship qualifier,Georgia,-10,+10,1536,1932
2019-03-23,Ghana,Kenya,1,0,African Nations Cup qualifier,Ghana,+5,-5,1631,1383
2019-03-23,Gibraltar,Ireland,0,1,European Championship qualifier,Gibraltar,-2,+2,1102,1706
2019-03-23,Guadeloupe,Martinique,0,1,CONCACAF Nations League qualifier,Guadeloupe,-12,+12,1186,1462
2019-03-23,Guinea-Bissau,Mozambique,2,2,African Nations Cup qualifier,Guinea-Bissau,-6,+6,1306,1301
2019-03-23,Guyana,Belize,2,1,CONCACAF Nations League qualifier,Guyana,+13,-13,1189,1142
2019-03-23,Italy,Finland,2,0,European Championship qualifier,Italy,+6,-6,1895,1616
2019-03-23,Ivory Coast,Rwanda,3,0,African Nations Cup qualifier,Ivory Coast,+5,-5,1610,1263
2019-03-23,Liechtenstein,Greece,0,2,European Championship qualifier,Liechtenstein,-6,+6,1132,1619
2019-03-23,Malaysia,Afghanistan,2,1,Friendly tournament,Malaysia,+12,-12,1118,1129
2019-03-23,Mali,South Sudan,3,0,African Nations Cup qualifier,Mali,+2,-2,1532,1020
2019-03-23,Malta,Faroe Islands,2,1,European Championship qualifier,Malta,+19,-19,1198,1236
2019-03-23,Niger,Egypt,1,1,African Nations Cup qualifier,Niger,+11,-11,1323,1606
2019-03-23,Oman,Singapore,1,1,Friendly tournament,Malaysia,-12,+12,1499,1113
2019-03-23,Senegal,Madagascar,2,0,African Nations Cup qualifier,Senegal,+3,-3,1760,1338
2019-03-23,Spain,Norway,2,1,European Championship qualifier,Spain,+3,-3,2015,1675
2019-03-23,Sint Maarten,Saint Martin,4,3,CONCACAF Nations League qualifier,Anguilla,+20,-20,825,784
2019-03-23,Suriname,Saint Kitts and Nevis,2,0,CONCACAF Nations League qualifier,Suriname,+20,-20,1286,1226
2019-03-23,Sweden,Romania,2,1,European Championship qualifier,Sweden,+11,-11,1842,1741
2019-03-23,Syria,Jordan,1,0,Friendly tournament,Iraq,+15,-15,1529,1498
2019-03-23,Zambia,Namibia,4,1,African Nations Cup qualifier,Zambia,+22,-22,1438,1357
2019-03-24,Barbados,Nicaragua,0,1,CONCACAF Nations League qualifier,Barbados,-18,+18,1133,1307
2019-03-24,Benin,Togo,2,1,African Nations Cup qualifier,Benin,+13,-13,1403,1347
2019-03-24,Bonaire,British Virgin Islands,2,1,CONCACAF Nations League qualifier,Anguilla,+6,-6,972,644
2019-03-24,Canada,French Guiana,4,1,CONCACAF Nations League qualifier,Canada,+9,-9,1557,1311
2019-03-24,Cape Verde,Lesotho,0,0,African Nations Cup qualifier,Cape Verde,-11,+11,1395,1311
2019-03-24,Central African Republic,Guinea,0,0,African Nations Cup qualifier,Central African Republic,+2,-2,1334,1467
2019-03-24,Cyprus,Belgium,0,2,European Championship qualifier,Cyprus,-3,+3,1413,2044
2019-03-24,Dominican Republic,Bermuda,1,3,CONCACAF Nations League qualifier,the Dominican Republic,-45,+45,1225,1225
2019-03-24,Democratic Republic of Congo,Liberia,1,0,African Nations Cup qualifier,the Democratic Republic of the Congo,+6,-6,1553,1337
2019-03-24,Fiji,Mauritius,1,0,Friendly tournament,Fiji,+6,-6,1235,1096
2019-03-24,Haiti,Cuba,2,1,CONCACAF Nations League qualifier,Haiti,+7,-7,1520,1334
2019-03-24,Hungary,Croatia,2,1,European Championship qualifier,Hungary,+31,-31,1630,1895
2019-03-24,Israel,Austria,4,2,European Championship qualifier,Israel,+37,-37,1592,1701
2019-03-24,Kazakhstan,Russia,0,4,European Championship qualifier,Kazakhstan,-14,+14,1384,1761
2019-03-24,Netherlands,Germany,2,3,European Championship qualifier,the Netherlands,-28,+28,1961,1960
2019-03-24,Northern Ireland,Belarus,2,1,European Championship qualifier,Northern Ireland,+10,-10,1645,1526
2019-03-24,Poland,Latvia,2,0,European Championship qualifier,Poland,+2,-2,1780,1288
2019-03-24,Puerto Rico,Grenada,0,2,CONCACAF Nations League qualifier,Puerto Rico,-32,+32,974,1112
2019-03-24,San Marino,Scotland,0,2,European Championship qualifier,San Marino,-1,+1,833,1665
2019-03-24,Slovenia,North Macedonia,1,1,European Championship qualifier,Slovenia,-8,+8,1558,1535
2019-03-24,South Africa,Libya,2,1,African Nations Cup qualifier,Tunisia,+16,-16,1566,1460
2019-03-24,Taiwan,Solomon Islands,0,1,Friendly,Taiwan,-6,+6,973,1223
2019-03-24,Tanzania,Uganda,3,0,African Nations Cup qualifier,Tanzania,+40,-40,1368,1436
2019-03-24,Wales,Slovakia,1,0,European Championship qualifier,Wales,+14,-14,1776,1746
2019-03-24,Zimbabwe,Congo,2,0,African Nations Cup qualifier,Zimbabwe,+16,-16,1490,1375
2019-03-25,Andorra,Albania,0,3,European Championship qualifier,Andorra,-10,+10,1068,1501
2019-03-25,Azerbaijan,Lithuania,0,0,Friendly,Azerbaijan,-5,+5,1397,1329
2019-03-25,China,Uzbekistan,0,1,Friendly tournament,China,-15,+15,1481,1620
2019-03-25,France,Iceland,4,0,European Championship qualifier,France,+4,-4,2098,1666
2019-03-25,Kosovo,Bulgaria,1,1,European Championship qualifier,Kosovo,+1,-1,1504,1620
2019-03-25,Kuwait,Nepal,1,0,Friendly,Kuwait,+1,-1,1425,887
2019-03-25,Luxembourg,Ukraine,1,2,European Championship qualifier,Luxembourg,-5,+5,1357,1791
2019-03-25,Montenegro,England,1,5,European Championship qualifier,Montenegro,-13,+13,1584,1983
2019-03-25,Myanmar,Indonesia,0,2,Friendly,Myanmar,-13,+13,1039,1212
2019-03-25,Portugal,Serbia,1,1,European Championship qualifier,Portugal,-12,+12,1933,1825
2019-03-25,Saudi Arabia,Equatorial Guinea,3,2,Friendly,Saudi Arabia,+3,-3,1566,1335
2019-03-25,Turkey,Moldova,4,0,European Championship qualifier,Turkey,+4,-4,1719,1309
2019-03-25,Uruguay,Thailand,4,0,Friendly tournament,China,+2,-2,1933,1368
2019-03-26,Algeria,Tunisia,1,0,Friendly,Algeria,+11,-11,1540,1642
2019-03-26,Armenia,Finland,0,2,European Championship qualifier,Armenia,-24,+24,1421,1640
2019-03-26,Bosnia and Herzegovina,Greece,2,2,European Championship qualifier,Bosnia and Herzegovina,-13,+13,1785,1632
2019-03-26,Costa Rica,Jamaica,1,0,Friendly,Costa Rica,+4,-4,1704,1536
2019-03-26,Czechia,Brazil,1,3,Friendly,Czechia,-4,+4,1715,2132
2019-03-26,Ecuador,Honduras,0,0,Friendly,the United States,-5,+5,1759,1596
2019-03-26,El Salvador,Peru,2,0,Friendly,the United States,+27,-27,1528,1834
2019-03-26,Ghana,Mauritania,3,1,Friendly,Ghana,+3,-3,1634,1346
2019-03-26,Gibraltar,Estonia,0,1,Friendly,Gibraltar,-3,+3,1099,1479
2019-03-26,Iraq,Jordan,3,2,Friendly tournament,Iraq,+7,-7,1604,1491
2019-03-26,Ireland,Georgia,1,0,European Championship qualifier,Ireland,+7,-7,1713,1529
2019-03-26,Italy,Liechtenstein,6,0,European Championship qualifier,Italy,+1,-1,1896,1131
2019-03-26,Ivory Coast,Liberia,1,0,Friendly,Ivory Coast,+2,-2,1612,1335
2019-03-26,Japan,Bolivia,1,0,Friendly,Japan,+4,-4,1777,1638
2019-03-26,Malta,Spain,0,2,European Championship qualifier,Malta,-1,+1,1197,2016
2019-03-26,Mexico,Paraguay,4,2,Friendly,the United States,+11,-11,1816,1708
2019-03-26,Morocco,Argentina,0,1,Friendly,Morocco,-8,+8,1706,1902
2019-03-26,Nicaragua,Guatemala,0,1,Friendly,Nicaragua,-8,+8,1299,1500
2019-03-26,Nigeria,Egypt,1,0,Friendly,Nigeria,+5,-5,1718,1601
2019-03-26,Norway,Sweden,3,3,European Championship qualifier,Norway,+4,-4,1679,1838
2019-03-26,Romania,Faroe Islands,4,1,European Championship qualifier,Romania,+2,-2,1743,1234
2019-03-26,Senegal,Mali,2,1,Friendly,Senegal,+3,-3,1763,1529
2019-03-26,South Korea,Colombia,2,1,Friendly,South Korea,+13,-13,1784,1956
2019-03-26,Switzerland,Denmark,3,3,European Championship qualifier,Switzerland,-8,+8,1924,1899
2019-03-26,United Arab Emirates,Syria,0,0,Friendly,the United Arab Emirates,-2,+2,1483,1531
2019-03-26,United States,Chile,1,1,Friendly,the United States,-1,+1,1766,1834
2019-05-25,Mauritius,Eswatini,2,2,COSAFA Cup,South Africa,+6,-6,1102,1196
2019-05-26,Malawi,Seychelles,3,0,COSAFA Cup,South Africa,+11,-11,1280,958
2019-05-26,Namibia,Mozambique,2,1,COSAFA Cup,South Africa,+17,-17,1374,1284
2019-05-27,Comoros,Eswatini,2,2,COSAFA Cup,South Africa,+6,-6,1093,1190
2019-05-28,Laos,Sri Lanka,2,1,Friendly,Laos,+8,-8,701,699
2019-05-28,Malawi,Namibia,2,1,COSAFA Cup,South Africa,+25,-25,1305,1349
2019-05-28,Mozambique,Seychelles,0,0,COSAFA Cup,South Africa,-15,+15,1269,973
2019-05-29,Cayman Islands,Cuba,0,0,Friendly,the Cayman Islands,+7,-7,917,1327
2019-05-29,Comoros,Mauritius,2,1,COSAFA Cup,South Africa,+21,-21,1114,1081
2019-05-30,Malawi,Mozambique,1,1,COSAFA Cup,South Africa,-2,+2,1303,1271
2019-05-30,Namibia,Seychelles,3,0,COSAFA Cup,South Africa,+7,-7,1356,966
2019-05-30,Turkey,Greece,2,1,Friendly,Turkey,+5,-5,1724,1627
2019-05-31,Cayman Islands,Cuba,0,1,Friendly,the Cayman Islands,-3,+3,914,1330
2019-05-31,Laos,Sri Lanka,2,2,Friendly,Laos,-3,+3,698,702
2019-06-01,Ecuador,Venezuela,1,1,Friendly,the United States,+1,-1,1760,1776
2019-06-01,Lesotho,Uganda,0,0,COSAFA Cup,South Africa,+7,-7,1318,1429
2019-06-01,Zimbabwe,Comoros,2,0,COSAFA Cup,South Africa,+6,-6,1496,1108
2019-06-02,El Salvador,Haiti,1,0,Friendly,the United States,+10,-10,1538,1510
2019-06-02,France,Bolivia,2,0,Friendly,France,+1,-1,2099,1637
2019-06-02,Luxembourg,Madagascar,3,3,Friendly,Luxembourg,-3,+3,1354,1341
2019-06-02,Malawi,Zambia,2,2,COSAFA Cup,South Africa,+7,-7,1310,1431
2019-06-02,Malaysia,Nepal,2,0,Friendly,Malaysia,+4,-4,1122,883
2019-06-02,South Africa,Botswana,2,2,COSAFA Cup,South Africa,-16,+16,1550,1305
2019-06-02,Turkey,Uzbekistan,2,0,Friendly,Turkey,+7,-7,1731,1613
2019-06-03,Colombia,Panama,3,0,Friendly,Colombia,+2,-2,1958,1568
2019-06-04,Malawi,Comoros,2,1,COSAFA Cup,South Africa,+10,-10,1320,1098
2019-06-04,South Africa,Uganda,1,1,COSAFA Cup,South Africa,-11,+11,1539,1440
2019-06-04,Vanuatu,Tahiti,2,0,Friendly tournament,Vanuatu,+18,-18,1214,1204
2019-06-05,Botswana,Lesotho,2,1,COSAFA Cup,South Africa,+21,-21,1326,1297
2019-06-05,Brazil,Qatar,2,0,Friendly,Brazil,+2,-2,2134,1772
2019-06-05,Curaçao,India,3,1,King's Cup,Thailand,+19,-19,1329,1234
2019-06-05,Japan,Trinidad and Tobago,0,0,Friendly,Japan,-9,+9,1768,1440
2019-06-05,Mexico,Venezuela,3,1,Friendly,the United States,+13,-13,1829,1763
2019-06-05,Paraguay,Honduras,1,1,Friendly,Paraguay,-5,+5,1703,1601
2019-06-05,Peru,Costa Rica,1,0,Friendly,Peru,+4,-4,1838,1700
2019-06-05,Portugal,Switzerland,3,1,European Nations League,Portugal,+26,-26,1959,1898
2019-06-05,Thailand,Vietnam,0,1,King's Cup,Thailand,-20,+20,1348,1372
2019-06-05,United States,Jamaica,0,1,Friendly,the United States,-17,+17,1749,1553
2019-06-05,Zambia,Zimbabwe,0,0,COSAFA Cup,South Africa,+4,-4,1435,1492
2019-06-06,Bermuda,Guyana,1,0,Friendly,Bermuda,+6,-6,1231,1183
2019-06-06,Bhutan,Guam,1,0,World Cup and Asian Cup qualifier,Bhutan,+28,-28,584,766
2019-06-06,Cambodia,Pakistan,2,0,World Cup and Asian Cup qualifier,Cambodia,+35,-35,814,901
2019-06-06,Chile,Haiti,2,1,Friendly,Chile,+2,-2,1836,1508
2019-06-06,Iran,Syria,5,0,Friendly,Iran,+5,-5,1794,1526
2019-06-06,Laos,Bangladesh,0,1,World Cup and Asian Cup qualifier,Laos,-20,+20,678,824
2019-06-06,Macao,Sri Lanka,1,0,World Cup and Asian Cup qualifier,China,+21,-21,697,681
2019-06-06,Mongolia,Brunei,2,0,World Cup and Asian Cup qualifier,Mongolia,+15,-15,724,599
2019-06-06,Netherlands,England,3,1,European Nations League,Portugal,+40,-40,2001,1943
2019-06-06,Taiwan,Nepal,1,1,Friendly,Taiwan,-5,+5,968,888
2019-06-07,Argentina,Nicaragua,5,1,Friendly,Argentina,+1,-1,1903,1298
2019-06-07,Austria,Slovenia,1,0,European Championship qualifier,Austria,+8,-8,1709,1550
2019-06-07,China,Philippines,2,0,Friendly,China,+2,-2,1483,1132
2019-06-07,Czechia,Bulgaria,2,1,European Championship qualifier,Czechia,+10,-10,1725,1610
2019-06-07,Denmark,Ireland,1,1,European Championship qualifier,Denmark,-14,+14,1885,1727
2019-06-07,Faroe Islands,Spain,1,4,European Championship qualifier,the Faroe Islands,-1,+1,1233,2017
2019-06-07,Fiji,Tahiti,1,1,Friendly tournament,Vanuatu,-1,+1,1234,1205
2019-06-07,Gambia,Guinea,1,0,Friendly,Morocco,+14,-14,1335,1453
2019-06-07,Georgia,Gibraltar,3,0,European Championship qualifier,Georgia,+3,-3,1532,1096
2019-06-07,Ivory Coast,Comoros,3,1,Friendly,France,+1,-1,1613,1097
2019-06-07,Kenya,Madagascar,1,0,Friendly,France,+9,-9,1392,1332
2019-06-07,Latvia,Israel,0,3,European Championship qualifier,Latvia,-17,+17,1271,1609
2019-06-07,Lesotho,Zimbabwe,2,2,COSAFA Cup,South Africa,+10,-10,1307,1482
2019-06-07,Lithuania,Luxembourg,1,1,European Championship qualifier,Lithuania,-4,+4,1325,1358
2019-06-07,Malaysia,East Timor,7,1,World Cup qualifier,Malaysia,+3,-3,1125,641
2019-06-07,Montenegro,Kosovo,1,1,European Championship qualifier,Montenegro,-10,+10,1574,1514
2019-06-07,North Macedonia,Poland,0,1,European Championship qualifier,North Macedonia,-12,+12,1523,1792
2019-06-07,Norway,Romania,2,2,European Championship qualifier,Norway,-2,+2,1677,1745
2019-06-07,Slovakia,Jordan,5,1,Friendly,Slovakia,+4,-4,1750,1487
2019-06-07,South Africa,Malawi,0,0,COSAFA Cup,South Africa,-15,+15,1524,1335
2019-06-07,South Korea,Australia,1,0,Friendly,South Korea,+5,-5,1789,1673
2019-06-07,Sweden,Malta,3,0,European Championship qualifier,Sweden,+1,-1,1839,1196
2019-06-07,Tajikistan,Afghanistan,1,1,Friendly,Tajikistan,-5,+5,1204,1134
2019-06-07,Tunisia,Iraq,2,0,Friendly,Tunisia,+9,-9,1651,1595
2019-06-07,Ukraine,Serbia,5,0,European Championship qualifier,Ukraine,+32,-32,1823,1793
2019-06-07,Uruguay,Panama,3,0,Friendly,Uruguay,+2,-2,1935,1566
2019-06-07,Uzbekistan,North Korea,4,0,Friendly,Uzbekistan,+4,-4,1617,1326
2019-06-08,Angola,Guinea-Bissau,2,0,Friendly,Portugal,+13,-13,1363,1293
2019-06-08,Armenia,Liechtenstein,3,0,European Championship qualifier,Armenia,+7,-7,1428,1124
2019-06-08,Azerbaijan,Hungary,1,3,European Championship qualifier,Azerbaijan,-19,+19,1378,1649
2019-06-08,Belarus,Germany,0,2,European Championship qualifier,Belarus,-8,+8,1518,1968
2019-06-08,Belgium,Kazakhstan,3,0,European Championship qualifier,Belgium,+1,-1,2045,1383
2019-06-08,Croatia,Wales,2,1,European Championship qualifier,Croatia,+9,-9,1904,1767
2019-06-08,Curaçao,Vietnam,1,1,King's Cup,Thailand,+2,-2,1331,1370
2019-06-08,Estonia,Northern Ireland,1,2,European Championship qualifier,Estonia,-16,+16,1463,1661
2019-06-08,Finland,Bosnia and Herzegovina,2,0,European Championship qualifier,Finland,+34,-34,1674,1751
2019-06-08,Greece,Italy,0,3,European Championship qualifier,Greece,-19,+19,1608,1915
2019-06-08,Iceland,Albania,1,0,European Championship qualifier,Iceland,+7,-7,1673,1494
2019-06-08,Moldova,Andorra,1,0,European Championship qualifier,Moldova,+5,-5,1314,1063
2019-06-08,Nigeria,Zimbabwe,0,0,Friendly,Nigeria,-7,+7,1711,1489
2019-06-08,Russia,San Marino,9,0,European Championship qualifier,Russia,0,0,1761,833
2019-06-08,Scotland,Cyprus,2,1,European Championship qualifier,Scotland,+5,-5,1670,1408
2019-06-08,Singapore,Solomon Islands,4,3,Friendly,Singapore,+10,-10,1123,1213
2019-06-08,Thailand,India,0,1,King's Cup,Thailand,-23,+23,1325,1257
2019-06-08,Turkey,France,2,0,European Championship qualifier,Turkey,+49,-49,1780,2050
2019-06-08,Zambia,Botswana,1,0,COSAFA Cup,South Africa,+14,-14,1449,1312
2019-06-09,Brazil,Honduras,7,0,Friendly,Brazil,+1,-1,2135,1600
2019-06-09,Burkina Faso,Democratic Republic of Congo,0,0,Friendly,Spain,+1,-1,1534,1552
2019-06-09,Cameroon,Zambia,2,1,Friendly,Spain,+6,-6,1607,1443
2019-06-09,England,Switzerland,0,0,European Nations League,Portugal,-3,+3,1940,1901
2019-06-09,Japan,El Salvador,2,0,Friendly,Japan,+4,-4,1772,1534
2019-06-09,Mexico,Ecuador,3,2,Friendly,the United States,+8,-8,1837,1752
2019-06-09,Namibia,Ghana,1,0,Friendly,the United Arab Emirates,+17,-17,1373,1617
2019-06-09,Paraguay,Guatemala,2,0,Friendly,Paraguay,+4,-4,1707,1496
2019-06-09,Peru,Colombia,0,3,Friendly,Peru,-16,+16,1822,1974
2019-06-09,Portugal,Netherlands,1,0,European Nations League,Portugal,+21,-21,1980,1980
2019-06-09,Turkmenistan,Uganda,0,0,Friendly,the United Arab Emirates,+6,-6,1226,1434
2019-06-09,United States,Venezuela,0,3,Friendly,the United States,-22,+22,1727,1785
2019-06-10,Bulgaria,Kosovo,2,3,European Championship qualifier,Bulgaria,-30,+30,1580,1544
2019-06-10,Canada,Trinidad and Tobago,2,0,Friendly,the United States,+10,-10,1567,1430
2019-06-10,Czechia,Montenegro,3,0,European Championship qualifier,Czechia,+13,-13,1738,1561
2019-06-10,Denmark,Georgia,5,1,European Championship qualifier,Denmark,+5,-5,1890,1527
2019-06-10,Faroe Islands,Norway,0,2,European Championship qualifier,the Faroe Islands,-7,+7,1226,1684
2019-06-10,Ireland,Gibraltar,2,0,European Championship qualifier,Ireland,+1,-1,1728,1095
2019-06-10,Latvia,Slovenia,0,5,European Championship qualifier,Latvia,-21,+21,1250,1571
2019-06-10,Malta,Romania,0,4,European Championship qualifier,Malta,-5,+5,1191,1750
2019-06-10,North Macedonia,Austria,1,4,European Championship qualifier,North Macedonia,-27,+27,1496,1736
2019-06-10,Poland,Israel,4,0,European Championship qualifier,Poland,+12,-12,1804,1597
2019-06-10,Serbia,Lithuania,4,1,European Championship qualifier,Serbia,+3,-3,1796,1322
2019-06-10,Spain,Sweden,3,0,European Championship qualifier,Spain,+12,-12,2029,1827
2019-06-10,Ukraine,Luxembourg,1,0,European Championship qualifier,Ukraine,+1,-1,1824,1357
2019-06-10,Vanuatu,Fiji,0,0,Friendly tournament,Vanuatu,-3,+3,1211,1237
2019-06-11,Albania,Moldova,2,0,European Championship qualifier,Albania,+10,-10,1504,1304
2019-06-11,Algeria,Burundi,1,1,Friendly,Qatar,-5,+5,1535,1366
2019-06-11,Andorra,France,0,4,European Championship qualifier,Andorra,0,0,1063,2050
2019-06-11,Azerbaijan,Slovakia,1,5,European Championship qualifier,Azerbaijan,-13,+13,1365,1763
2019-06-11,Bangladesh,Laos,0,0,World Cup and Asian Cup qualifier,Bangladesh,-12,+12,812,690
2019-06-11,Belarus,Northern Ireland,0,1,European Championship qualifier,Belarus,-18,+18,1500,1679
2019-06-11,Belgium,Scotland,3,0,European Championship qualifier,Belgium,+4,-4,2049,1666
2019-06-11,Benin,Guinea,1,0,Friendly,Morocco,+11,-11,1414,1442
2019-06-11,Brunei,Mongolia,2,1,World Cup and Asian Cup qualifier,Brunei,+21,-21,620,703
2019-06-11,Cambodia,Pakistan,2,1,World Cup and Asian Cup qualifier,Qatar,+25,-25,839,876
2019-06-11,China,Tajikistan,1,0,Friendly,China,+2,-2,1485,1202
2019-06-11,Croatia,Tunisia,1,2,Friendly,Croatia,-18,+18,1886,1669
2019-06-11,Germany,Estonia,8,0,European Championship qualifier,Germany,+3,-3,1971,1460
2019-06-11,Greece,Armenia,2,3,European Championship qualifier,Greece,-33,+33,1575,1461
2019-06-11,Guam,Bhutan,5,0,World Cup and Asian Cup qualifier,Guam,+13,-13,779,571
2019-06-11,Haiti,Guyana,3,1,Friendly,Costa Rica,+4,-4,1512,1179
2019-06-11,Hong Kong,Taiwan,0,2,Friendly,Hong Kong,-26,+26,1186,994
2019-06-11,Hungary,Wales,1,0,European Championship qualifier,Hungary,+21,-21,1670,1746
2019-06-11,Iceland,Turkey,2,1,European Championship qualifier,Iceland,+20,-20,1693,1760
2019-06-11,Italy,Bosnia and Herzegovina,2,1,European Championship qualifier,Italy,+7,-7,1922,1744
2019-06-11,Jordan,Indonesia,4,1,Friendly,Jordan,+4,-4,1491,1208
2019-06-11,Kazakhstan,San Marino,4,0,European Championship qualifier,Kazakhstan,+2,-2,1385,831
2019-06-11,Kyrgyzstan,Palestine,2,2,Friendly,Kyrgyzstan,0,0,1291,1388
2019-06-11,Liechtenstein,Finland,0,2,European Championship qualifier,Liechtenstein,-4,+4,1120,1678
2019-06-11,Malaysia,East Timor,5,1,World Cup qualifier,Malaysia,+3,-3,1128,638
2019-06-11,Russia,Cyprus,1,0,European Championship qualifier,Russia,+3,-3,1764,1405
2019-06-11,Singapore,Myanmar,1,2,Friendly,Singapore,-15,+15,1108,1054
2019-06-11,South Korea,Iran,1,1,Friendly,South Korea,-3,+3,1786,1797
2019-06-11,Uzbekistan,Syria,2,0,Friendly,Uzbekistan,+7,-7,1624,1519
2019-06-12,Morocco,Gambia,0,1,Friendly,Morocco,-19,+19,1687,1354
2019-06-13,Egypt,Tanzania,1,0,Friendly,Egypt,+3,-3,1604,1365
2019-06-14,Brazil,Bolivia,3,0,Copa América,Brazil,+3,-3,2138,1634
2019-06-14,Cameroon,Mali,1,1,Friendly,Qatar,-2,+2,1605,1531
2019-06-14,Mauritania,Madagascar,3,1,Friendly,Morocco,+14,-14,1360,1318
2019-06-15,Canada,Martinique,4,0,CONCACAF Championship,the United States,+33,-33,1600,1429
2019-06-15,Colombia,Argentina,2,0,Copa América,Brazil,+30,-30,2004,1873
2019-06-15,Democratic Republic of Congo,Kenya,1,1,Friendly,Spain,-4,+4,1548,1396
2019-06-15,Ghana,South Africa,0,0,Friendly,the United Arab Emirates,-3,+3,1614,1527
2019-06-15,Indonesia,Vanuatu,6,0,Friendly,Indonesia,+15,-15,1223,1196
2019-06-15,Mexico,Cuba,7,0,CONCACAF Championship,the United States,+6,-6,1843,1324
2019-06-15,Peru,Venezuela,0,0,Copa América,Brazil,-3,+3,1819,1788
2019-06-15,Uganda,Ivory Coast,1,0,Friendly,the United Arab Emirates,+15,-15,1449,1598
2019-06-16,Algeria,Mali,3,2,Friendly,Qatar,+10,-10,1545,1521
2019-06-16,Costa Rica,Nicaragua,4,0,CONCACAF Championship,Costa Rica,+5,-5,1705,1293
2019-06-16,Egypt,Guinea,3,1,Friendly,Egypt,+5,-5,1609,1437
2019-06-16,Haiti,Bermuda,2,1,CONCACAF Championship,Costa Rica,+8,-8,1520,1223
2019-06-16,Morocco,Zambia,2,3,Friendly,Morocco,-18,+18,1669,1461
2019-06-16,Paraguay,Qatar,2,2,Copa América,Brazil,+5,-5,1712,1767
2019-06-16,Senegal,Nigeria,1,0,Friendly,Egypt,+9,-9,1772,1702
2019-06-16,Tanzania,Zimbabwe,1,1,Friendly,Egypt,+3,-3,1368,1486
2019-06-16,Uruguay,Ecuador,4,0,Copa América,Brazil,+24,-24,1959,1728
2019-06-17,Chile,Japan,4,0,Copa América,Brazil,+38,-38,1874,1734
2019-06-17,El Salvador,Curaçao,1,0,CONCACAF Championship,Jamaica,+12,-12,1546,1319
2019-06-17,Jamaica,Honduras,3,2,CONCACAF Championship,Jamaica,+21,-21,1574,1579
2019-06-17,Tunisia,Burundi,2,1,Friendly,Tunisia,+2,-2,1671,1364
2019-06-18,Benin,Mauritania,3,1,Friendly,Morocco,+13,-13,1427,1347
2019-06-18,Brazil,Venezuela,0,0,Copa América,Brazil,-22,+22,2116,1810
2019-06-18,Panama,Trinidad and Tobago,2,0,CONCACAF Championship,the United States,+24,-24,1590,1406
2019-06-18,Peru,Bolivia,3,1,Copa América,Brazil,+19,-19,1838,1615
2019-06-18,United States,Guyana,4,0,CONCACAF Championship,the United States,+2,-2,1729,1177
2019-06-19,Argentina,Paraguay,1,1,Copa América,Brazil,-11,+11,1862,1723
2019-06-19,Colombia,Qatar,1,0,Copa América,Brazil,+10,-10,2014,1757
2019-06-19,Ivory Coast,Zambia,4,1,Friendly,the United Arab Emirates,+11,-11,1609,1450
2019-06-19,Martinique,Cuba,3,0,CONCACAF Championship,the United States,+31,-31,1460,1293
2019-06-19,Mexico,Canada,3,1,CONCACAF Championship,the United States,+15,-15,1858,1585
2019-06-20,Costa Rica,Bermuda,2,1,CONCACAF Championship,the United States,+3,-3,1708,1220
2019-06-20,Haiti,Nicaragua,2,0,CONCACAF Championship,the United States,+16,-16,1536,1277
2019-06-20,Japan,Uruguay,2,2,Copa América,Brazil,+14,-14,1748,1945
2019-06-21,Chile,Ecuador,2,1,Copa América,Brazil,+15,-15,1889,1713
2019-06-21,Curaçao,Honduras,1,0,CONCACAF Championship,the United States,+41,-41,1360,1538
2019-06-21,Egypt,Zimbabwe,1,0,African Nations Cup,Egypt,+11,-11,1620,1475
2019-06-21,El Salvador,Jamaica,0,0,CONCACAF Championship,the United States,+2,-2,1548,1572
2019-06-22,Brazil,Peru,5,0,Copa América,Brazil,+10,-10,2126,1828
2019-06-22,Guinea,Madagascar,2,2,African Nations Cup,Egypt,-8,+8,1429,1326
2019-06-22,Nigeria,Burundi,1,0,African Nations Cup,Egypt,+6,-6,1708,1358
2019-06-22,Panama,Guyana,4,2,CONCACAF Championship,the United States,+6,-6,1596,1171
2019-06-22,Uganda,Democratic Republic of Congo,2,0,African Nations Cup,Egypt,+48,-48,1497,1500
2019-06-22,United States,Trinidad and Tobago,6,0,CONCACAF Championship,the United States,+9,-9,1738,1397
2019-06-22,Venezuela,Bolivia,3,1,Copa América,Brazil,+18,-18,1828,1597
2019-06-23,Algeria,Kenya,2,0,African Nations Cup,Egypt,+22,-22,1567,1374
2019-06-23,Argentina,Qatar,2,0,Copa América,Brazil,+26,-26,1888,1731
2019-06-23,Canada,Cuba,7,0,CONCACAF Championship,the United States,+18,-18,1603,1275
2019-06-23,Colombia,Paraguay,1,0,Copa América,Brazil,+8,-8,2022,1715
2019-06-23,Mexico,Martinique,3,2,CONCACAF Championship,the United States,+5,-5,1863,1455
2019-06-23,Morocco,Namibia,1,0,African Nations Cup,Egypt,+8,-8,1677,1365
2019-06-23,Senegal,Tanzania,2,0,African Nations Cup,Egypt,+7,-7,1779,1361
2019-06-24,Angola,Tunisia,1,1,African Nations Cup,Egypt,+18,-18,1381,1653
2019-06-24,Bermuda,Nicaragua,2,0,CONCACAF Championship,the United States,+44,-44,1264,1233
2019-06-24,Ecuador,Japan,1,1,Copa América,Brazil,+3,-3,1716,1745
2019-06-24,Haiti,Costa Rica,2,1,CONCACAF Championship,the United States,+36,-36,1572,1672
2019-06-24,Ivory Coast,South Africa,1,0,African Nations Cup,Egypt,+19,-19,1628,1508
2019-06-24,Mali,Mauritania,4,1,African Nations Cup,Egypt,+24,-24,1545,1323
2019-06-24,Uruguay,Chile,1,0,Copa América,Brazil,+21,-21,1966,1868
2019-06-25,Benin,Ghana,2,2,African Nations Cup,Egypt,+12,-12,1439,1602
2019-06-25,Cameroon,Guinea-Bissau,2,0,African Nations Cup,Egypt,+11,-11,1616,1282
2019-06-25,Curaçao,Jamaica,1,1,CONCACAF Championship,the United States,+14,-14,1374,1558
2019-06-25,Honduras,El Salvador,4,0,CONCACAF Championship,the United States,+48,-48,1586,1500
2019-06-26,Egypt,Democratic Republic of Congo,2,0,African Nations Cup,Egypt,+16,-16,1636,1484
2019-06-26,Guyana,Trinidad and Tobago,1,1,CONCACAF Championship,the United States,+14,-14,1185,1383
2019-06-26,Nigeria,Guinea,1,0,African Nations Cup,Egypt,+8,-8,1716,1421
2019-06-26,Uganda,Zimbabwe,1,1,African Nations Cup,Egypt,-2,+2,1495,1477
2019-06-26,United States,Panama,1,0,CONCACAF Championship,the United States,+10,-10,1748,1586
2019-06-27,Algeria,Senegal,1,0,African Nations Cup,Egypt,+39,-39,1606,1740
2019-06-27,Brazil,Paraguay,0,0,Copa América,Brazil,-22,+22,2104,1737
2019-06-27,Kenya,Tanzania,3,2,African Nations Cup,Egypt,+24,-24,1398,1337
2019-06-27,Madagascar,Burundi,1,0,African Nations Cup,Egypt,+27,-27,1353,1331
2019-06-28,Argentina,Venezuela,2,0,Copa América,Brazil,+31,-31,1919,1797
2019-06-28,Chile,Colombia,0,0,Copa América,Brazil,+10,-10,1878,2012
2019-06-28,Mali,Tunisia,1,1,African Nations Cup,Egypt,+8,-8,1553,1645
2019-06-28,Morocco,Ivory Coast,1,0,African Nations Cup,Egypt,+21,-21,1698,1607
2019-06-28,South Africa,Namibia,1,0,African Nations Cup,Egypt,+15,-15,1523,1350
2019-06-29,Angola,Mauritania,0,0,African Nations Cup,Egypt,-4,+4,1377,1327
2019-06-29,Benin,Guinea-Bissau,0,0,African Nations Cup,Egypt,-11,+11,1428,1293
2019-06-29,Cameroon,Ghana,0,0,African Nations Cup,Egypt,-1,+1,1615,1603
2019-06-29,Costa Rica,Mexico,1,1,CONCACAF Championship,the United States,+13,-13,1685,1850
2019-06-29,Haiti,Canada,3,2,CONCACAF Championship,the United States,+27,-27,1599,1576
2019-06-29,Peru,Uruguay,0,0,Copa América,Brazil,+9,-9,1837,1957
2019-06-30,Democratic Republic of Congo,Zimbabwe,4,0,African Nations Cup,Egypt,+46,-46,1530,1431
2019-06-30,Egypt,Uganda,2,0,African Nations Cup,Egypt,+15,-15,1651,1480
2019-06-30,Guinea,Burundi,2,0,African Nations Cup,Egypt,+28,-28,1449,1303
2019-06-30,Jamaica,Panama,1,0,CONCACAF Championship,the United States,+27,-27,1585,1559
2019-06-30,Madagascar,Nigeria,2,0,African Nations Cup,Egypt,+67,-67,1420,1649
2019-06-30,United States,Curaçao,1,0,CONCACAF Championship,the United States,+3,-3,1751,1371
2019-07-01,Algeria,Tanzania,3,0,African Nations Cup,Egypt,+15,-15,1621,1322
2019-07-01,Ivory Coast,Namibia,4,1,African Nations Cup,Egypt,+16,-16,1623,1334
2019-07-01,Morocco,South Africa,1,0,African Nations Cup,Egypt,+13,-13,1711,1510
2019-07-01,Senegal,Kenya,3,0,African Nations Cup,Egypt,+11,-11,1751,1387
2019-07-02,Benin,Cameroon,0,0,African Nations Cup,Egypt,+12,-12,1440,1603
2019-07-02,Brazil,Argentina,2,0,Copa América,Brazil,+12,-12,2116,1907
2019-07-02,Ghana,Guinea-Bissau,2,0,African Nations Cup,Egypt,+11,-11,1614,1282
2019-07-02,Mali,Angola,1,0,African Nations Cup,Egypt,+13,-13,1566,1364
2019-07-02,Mauritania,Tunisia,0,0,African Nations Cup,Egypt,+18,-18,1345,1627
2019-07-02,Mexico,Haiti,1,0,CONCACAF Championship,the United States,+10,-10,1860,1589
2019-07-03,Peru,Chile,3,0,Copa América,Brazil,+49,-49,1886,1829
2019-07-03,United States,Jamaica,3,1,CONCACAF Championship,the United States,+13,-13,1764,1572
2019-07-05,Benin,Morocco,1,1,African Nations Cup,Egypt,+16,-16,1456,1695
2019-07-05,Senegal,Uganda,1,0,African Nations Cup,Egypt,+9,-9,1760,1471
2019-07-06,Argentina,Chile,2,1,Copa América,Brazil,+19,-19,1926,1810
2019-07-06,Egypt,South Africa,0,1,African Nations Cup,Egypt,-40,+40,1611,1550
2019-07-06,Nigeria,Cameroon,3,2,African Nations Cup,Egypt,+22,-22,1671,1581
2019-07-07,Algeria,Guinea,3,0,African Nations Cup,Egypt,+24,-24,1645,1425
2019-07-07,Brazil,Peru,3,1,Copa América,Brazil,+10,-10,2126,1876
2019-07-07,Democratic Republic of Congo,Madagascar,2,2,African Nations Cup,Egypt,-8,+8,1522,1428
2019-07-07,India,Tajikistan,2,4,Friendly tournament,India,-32,+32,1225,1234
2019-07-07,United States,Mexico,0,1,CONCACAF Championship,the United States,-25,+25,1739,1885
2019-07-08,Fiji,Tahiti,2,1,Pacific Games,Samoa,+18,-18,1255,1187
2019-07-08,Ghana,Tunisia,1,1,African Nations Cup,Egypt,+1,-1,1615,1626
2019-07-08,Ivory Coast,Mali,1,0,African Nations Cup,Egypt,+21,-21,1644,1545
2019-07-08,New Caledonia,Eastern Samoa,5,0,Pacific Games,Samoa,+1,-1,1172,462
2019-07-08,Samoa,Papua New Guinea,0,6,Pacific Games,Samoa,-13,+13,678,1104
2019-07-08,Solomon Islands,Tuvalu,13,0,Pacific Games,Samoa,+9,-9,1222,770
2019-07-08,Syria,North Korea,5,2,Friendly tournament,India,+13,-13,1532,1313
2019-07-10,Fiji,Eastern Samoa,9,0,Pacific Games,Samoa,+1,-1,1256,461
2019-07-10,New Caledonia,Solomon Islands,2,0,Pacific Games,Samoa,+34,-34,1206,1188
2019-07-10,Nigeria,South Africa,2,1,African Nations Cup,Egypt,+17,-17,1688,1533
2019-07-10,Papua New Guinea,Vanuatu,2,0,Pacific Games,Samoa,+38,-38,1142,1158
2019-07-10,Senegal,Benin,1,0,African Nations Cup,Egypt,+7,-7,1767,1449
2019-07-10,Tahiti,Tuvalu,7,0,Pacific Games,Samoa,+7,-7,1194,763
2019-07-10,Tajikistan,Syria,2,0,Friendly tournament,India,+38,-38,1272,1494
2019-07-11,Algeria,Ivory Coast,1,1,African Nations Cup,Egypt,0,0,1645,1644
2019-07-11,Tunisia,Madagascar,3,0,African Nations Cup,Egypt,+21,-21,1647,1407
2019-07-12,Eastern Samoa,Tuvalu,1,1,Pacific Games,Samoa,+14,-14,475,749
2019-07-12,New Caledonia,Fiji,1,0,Pacific Games,Samoa,+23,-23,1229,1233
2019-07-12,Samoa,Tonga,2,0,Pacific Games,Samoa,+12,-12,690,534
2019-07-12,Tahiti,Solomon Islands,3,0,Pacific Games,Samoa,+34,-34,1228,1154
2019-07-13,India,North Korea,2,5,Friendly tournament,India,-27,+27,1198,1340
2019-07-14,Algeria,Nigeria,2,1,African Nations Cup,Egypt,+28,-28,1673,1660
2019-07-14,Senegal,Tunisia,1,0,African Nations Cup,Egypt,+17,-17,1784,1630
2019-07-15,Fiji,Tuvalu,10,1,Pacific Games,Samoa,+6,-6,1239,743
2019-07-15,New Caledonia,Tahiti,3,0,Pacific Games,Samoa,+35,-35,1264,1193
2019-07-15,North Korea,Tajikistan,1,0,Friendly tournament,India,+12,-12,1352,1260
2019-07-15,Solomon Islands,Eastern Samoa,13,0,Pacific Games,Samoa,+2,-2,1156,473
2019-07-15,Vanuatu,Tonga,14,0,Pacific Games,Samoa,+3,-3,1161,531
2019-07-16,India,Syria,1,1,Friendly tournament,India,+8,-8,1206,1486
2019-07-17,Nigeria,Tunisia,1,0,African Nations Cup,Egypt,+23,-23,1683,1607
2019-07-18,Fiji,Solomon Islands,4,4,Pacific Games,Samoa,-5,+5,1234,1161
2019-07-18,Mauritius,Seychelles,1,1,Indian Ocean Games,Mauritius,-8,+8,1073,974
2019-07-18,Mayotte,Comoros,2,0,Indian Ocean Games,Mauritius,+15,-15,1234,1082
2019-07-18,New Caledonia,Tuvalu,11,0,Pacific Games,Samoa,+5,-5,1269,738
2019-07-18,Papua New Guinea,Tonga,8,0,Pacific Games,Samoa,+3,-3,1145,528
2019-07-18,Réunion,Maldives,4,0,Indian Ocean Games,Mauritius,+5,-5,1387,974
2019-07-18,Samoa,Vanuatu,0,11,Pacific Games,Samoa,-12,+12,678,1173
2019-07-18,Tahiti,Eastern Samoa,8,1,Pacific Games,Samoa,+1,-1,1194,472
2019-07-19,Algeria,Senegal,1,0,African Nations Cup,Egypt,+33,-33,1706,1751
2019-07-19,North Korea,Tajikistan,1,0,Friendly tournament,India,+11,-11,1363,1249
2019-07-20,Comoros,Maldives,3,0,Indian Ocean Games,Mauritius,+18,-18,1100,956
2019-07-20,Fiji,Papua New Guinea,1,1,Pacific Games,Samoa,-5,+5,1229,1150
2019-07-20,Madagascar,Seychelles,0,0,Indian Ocean Games,Mauritius,-13,+13,1394,987
2019-07-20,Réunion,Mayotte,1,0,Indian Ocean Games,Mauritius,+9,-9,1396,1225
2019-07-22,Comoros,Réunion,1,0,Indian Ocean Games,Mauritius,+25,-25,1125,1371
2019-07-22,Djibouti,Somalia,1,0,Friendly,Djibouti,+9,-9,801,839
2019-07-22,Mauritius,Madagascar,1,1,Indian Ocean Games,Mauritius,+8,-8,1081,1386
2019-07-22,Mayotte,Maldives,3,1,Indian Ocean Games,Mauritius,+8,-8,1233,948
2019-07-24,Mauritius,Mayotte,1,0,Indian Ocean Games,Mauritius,+17,-17,1098,1216
2019-07-24,Réunion,Seychelles,4,0,Indian Ocean Games,Mauritius,+6,-6,1377,981
2019-07-26,Mayotte,Seychelles,3,1,Indian Ocean Games,Mauritius,+9,-9,1225,972
2019-07-28,Mauritius,Réunion,1,1,Indian Ocean Games,Mauritius,+7,-7,1105,1370
2019-07-30,Iraq,Lebanon,1,0,West Asian Championship,Iraq,+8,-8,1603,1435
2019-07-30,Palestine,Yemen,1,0,West Asian Championship,Iraq,+8,-8,1396,1146
2019-08-02,Iraq,Palestine,2,1,West Asian Championship,Iraq,+6,-6,1609,1390
2019-08-02,Lebanon,Syria,2,1,West Asian Championship,Iraq,+23,-23,1458,1463
2019-08-04,Bahrain,Jordan,1,0,West Asian Championship,Iraq,+24,-24,1441,1467
2019-08-04,Kuwait,Saudi Arabia,2,1,West Asian Championship,Iraq,+28,-28,1453,1538
2019-08-05,Lebanon,Palestine,0,0,West Asian Championship,Iraq,-4,+4,1454,1394
2019-08-05,Syria,Yemen,1,1,West Asian Championship,Iraq,-14,+14,1449,1160
2019-08-07,Bahrain,Saudi Arabia,0,0,West Asian Championship,Iraq,+5,-5,1446,1533
2019-08-07,Jordan,Kuwait,1,1,West Asian Championship,Iraq,-1,+1,1466,1454
2019-08-08,Iraq,Syria,0,0,West Asian Championship,Iraq,-13,+13,1596,1462
2019-08-08,Yemen,Lebanon,2,1,West Asian Championship,Iraq,+34,-34,1194,1420
2019-08-10,Bahrain,Kuwait,1,0,West Asian Championship,Iraq,+20,-20,1466,1434
2019-08-10,Jordan,Saudi Arabia,3,0,West Asian Championship,Iraq,+42,-42,1508,1491
2019-08-11,Iraq,Yemen,2,1,West Asian Championship,Iraq,+2,-2,1598,1192
2019-08-11,Palestine,Syria,4,3,West Asian Championship,Iraq,+24,-24,1418,1438
2019-08-11,Saint Vincent and the Grenadines,Trinidad and Tobago,1,0,Friendly,Saint Vincent and the Grenadines,+14,-14,1136,1369
2019-08-14,Dominican Republic,Guatemala,0,0,Friendly,the Dominican Republic,+5,-5,1230,1491
2019-08-14,Iraq,Bahrain,0,1,West Asian Championship,Iraq,-32,+32,1566,1498
2019-08-18,Sint Maarten,Anguilla,2,0,Friendly,Sint Maarten,+3,-3,828,558
2019-08-25,Saint Kitts and Nevis,Antigua and Barbuda,3,0,Friendly,Saint Kitts and Nevis,+11,-11,1237,1184
2019-08-27,Saint Kitts and Nevis,Antigua and Barbuda,4,3,Friendly,Saint Kitts and Nevis,+6,-6,1243,1178
2019-08-28,Oman,Yemen,1,0,Friendly,Oman,+2,-2,1501,1190
2019-08-29,Taiwan,Guam,3,0,Friendly,Taiwan,+5,-5,999,774
2019-08-30,Belize,Saint Vincent and the Grenadines,1,1,Friendly,Belize,-3,+3,1139,1139
2019-08-30,China,Myanmar,4,1,Friendly,China,+2,-2,1487,1052
2019-08-30,Malaysia,Jordan,0,1,Friendly,Malaysia,-3,+3,1125,1511
2019-08-30,United Arab Emirates,Dominican Republic,4,0,Friendly,Bahrain,+7,-7,1490,1223
2019-08-31,United Arab Emirates,Sri Lanka,5,1,Friendly,Bahrain,0,0,1490,681
2019-09-01,Belize,Saint Vincent and the Grenadines,1,0,Friendly,Belize,+7,-7,1146,1132
2019-09-04,Burkina Faso,Libya,1,0,Friendly,Morocco,+8,-8,1542,1452
2019-09-04,Burundi,Tanzania,1,1,World Cup qualifier,Burundi,-5,+5,1298,1327
2019-09-04,Djibouti,Eswatini,2,1,World Cup qualifier,Djibouti,+34,-34,835,1156
2019-09-04,Equatorial Guinea,South Sudan,1,1,World Cup qualifier,Sudan,-14,+14,1321,1034
2019-09-04,Eritrea,Namibia,1,2,World Cup qualifier,Eritrea,-12,+12,1066,1346
2019-09-04,Ethiopia,Lesotho,0,0,World Cup qualifier,Ethiopia,-3,+3,1259,1310
2019-09-04,Liberia,Sierra Leone,3,1,World Cup qualifier,Liberia,+23,-23,1358,1335
2019-09-04,Mauritius,Mozambique,0,1,World Cup qualifier,Mauritius,-16,+16,1089,1287
2019-09-04,São Tomé and Príncipe,Guinea-Bissau,0,1,World Cup qualifier,São Tomé and Príncipe,-14,+14,1062,1296
2019-09-05,Argentina,Chile,0,0,Friendly,the United States,-3,+3,1923,1813
2019-09-05,Armenia,Italy,1,3,European Championship qualifier,Armenia,-7,+7,1454,1929
2019-09-05,Bahrain,Iraq,1,1,World Cup and Asian Cup qualifier,Bahrain,-2,+2,1496,1568
2019-09-05,Barbados,Saint Martin,4,0,CONCACAF Nations League C,Barbados,+5,-5,1138,779
2019-09-05,Bermuda,Panama,1,4,CONCACAF Nations League A,Bermuda,-17,+17,1247,1576
2019-09-05,Bosnia and Herzegovina,Liechtenstein,5,0,European Championship qualifier,Bosnia and Herzegovina,+1,-1,1745,1119
2019-09-05,Cambodia,Hong Kong,1,1,World Cup and Asian Cup qualifier,Cambodia,+12,-12,851,1174
2019-09-05,Chad,Sudan,1,3,World Cup qualifier,Chad,-40,+40,1215,1276
2019-09-05,Dominica,Suriname,1,2,CONCACAF Nations League B,Dominica,-12,+12,1037,1298
2019-09-05,Ecuador,Peru,1,0,Friendly,the United States,+14,-14,1730,1862
2019-09-05,Faroe Islands,Sweden,0,4,European Championship qualifier,the Faroe Islands,-4,+4,1222,1831
2019-09-05,Finland,Greece,1,0,European Championship qualifier,Finland,+9,-9,1687,1566
2019-09-05,Georgia,South Korea,2,2,Friendly,Turkey,+6,-6,1533,1780
2019-09-05,Gibraltar,Denmark,0,6,European Championship qualifier,Gibraltar,-2,+2,1093,1892
2019-09-05,Grenada,Saint Kitts and Nevis,2,1,CONCACAF Nations League B,Grenada,+22,-22,1134,1221
2019-09-05,Guam,Maldives,0,1,World Cup and Asian Cup qualifier,Guam,-16,+16,758,964
2019-09-05,Guatemala,Anguilla,10,0,CONCACAF Nations League C,Guatemala,0,0,1491,558
2019-09-05,Honduras,Puerto Rico,4,0,Friendly,Honduras,+1,-1,1587,973
2019-09-05,India,Oman,1,2,World Cup and Asian Cup qualifier,India,-10,+10,1196,1511
2019-09-05,Indonesia,Malaysia,2,3,World Cup and Asian Cup qualifier,Indonesia,-30,+30,1193,1155
2019-09-05,Ireland,Switzerland,1,1,European Championship qualifier,Ireland,+4,-4,1732,1897
2019-09-05,Israel,North Macedonia,1,1,European Championship qualifier,Israel,-10,+10,1587,1506
2019-09-05,Japan,Paraguay,2,0,Friendly,Japan,+10,-10,1755,1727
2019-09-05,Kuwait,Nepal,7,0,World Cup and Asian Cup qualifier,Kuwait,+2,-2,1436,886
2019-09-05,Mongolia,Myanmar,1,0,World Cup and Asian Cup qualifier,Mongolia,+32,-32,735,1020
2019-09-05,Montenegro,Hungary,2,1,Friendly,Montenegro,+10,-10,1571,1660
2019-09-05,Nicaragua,Saint Vincent and the Grenadines,1,1,CONCACAF Nations League B,Nicaragua,-10,+10,1223,1142
2019-09-05,North Korea,Lebanon,2,0,World Cup and Asian Cup qualifier,North Korea,+26,-26,1389,1394
2019-09-05,Norway,Malta,2,0,European Championship qualifier,Norway,+2,-2,1686,1189
2019-09-05,Northern Ireland,Luxembourg,1,0,Friendly,Northern Ireland,+2,-2,1681,1355
2019-09-05,Palestine,Uzbekistan,2,0,World Cup and Asian Cup qualifier,Palestine,+39,-39,1457,1585
2019-09-05,Philippines,Syria,2,5,World Cup and Asian Cup qualifier,the Philippines,-16,+16,1116,1454
2019-09-05,Qatar,Afghanistan,6,0,World Cup and Asian Cup qualifier,Qatar,+2,-2,1733,1132
2019-09-05,Romania,Spain,1,2,European Championship qualifier,Romania,-11,+11,1739,2040
2019-09-05,Saudi Arabia,Mali,1,1,Friendly,Saudi Arabia,-1,+1,1490,1546
2019-09-05,Seychelles,Rwanda,0,3,World Cup qualifier,the Seychelles,-17,+17,955,1280
2019-09-05,Singapore,Yemen,2,2,World Cup and Asian Cup qualifier,Singapore,-1,+1,1107,1191
2019-09-05,Somalia,Zimbabwe,1,0,World Cup qualifier,Djibouti,+39,-39,878,1392
2019-09-05,Sri Lanka,Turkmenistan,0,2,World Cup and Asian Cup qualifier,Sri Lanka,-4,+4,677,1230
2019-09-05,Taiwan,Jordan,1,2,World Cup and Asian Cup qualifier,Taiwan,-3,+3,996,1514
2019-09-05,Tajikistan,Kyrgyzstan,1,0,World Cup and Asian Cup qualifier,Tajikistan,+17,-17,1266,1274
2019-09-05,Thailand,Vietnam,0,0,World Cup and Asian Cup qualifier,Thailand,-3,+3,1322,1373
2019-09-05,US Virgin Islands,Cayman Islands,0,2,CONCACAF Nations League C,the US Virgin Islands,-24,+24,724,938
2019-09-06,Austria,Latvia,6,0,European Championship qualifier,Austria,+3,-3,1739,1247
2019-09-06,Benin,Ivory Coast,2,1,Friendly,France,+15,-15,1464,1629
2019-09-06,Bonaire,British Virgin Islands,4,2,CONCACAF Nations League C,Curaçao,+8,-8,980,636
2019-09-06,Brazil,Colombia,2,2,Friendly,the United States,-3,+3,2123,2015
2019-09-06,Comoros,Togo,1,1,World Cup qualifier,the Comoros,+7,-7,1132,1340
2019-09-06,Costa Rica,Uruguay,1,2,Friendly,Costa Rica,-5,+5,1680,1962
2019-09-06,Cyprus,Kazakhstan,1,1,European Championship qualifier,Cyprus,-7,+7,1398,1392
2019-09-06,Estonia,Belarus,1,2,European Championship qualifier,Estonia,-23,+23,1437,1523
2019-09-06,Gambia,Angola,0,1,World Cup qualifier,The Gambia,-25,+25,1329,1389
2019-09-06,Germany,Netherlands,2,4,European Championship qualifier,Germany,-38,+38,1933,2018
2019-09-06,Guyana,Aruba,1,0,CONCACAF Nations League B,Curaçao,+7,-7,1192,913
2019-09-06,Jamaica,Antigua and Barbuda,6,0,CONCACAF Nations League B,Jamaica,+5,-5,1577,1173
2019-09-06,Martinique,Trinidad and Tobago,1,1,CONCACAF Nations League A,Martinique,-10,+10,1445,1379
2019-09-06,Morocco,Burkina Faso,1,1,Friendly,Morocco,-6,+6,1689,1548
2019-09-06,San Marino,Belgium,0,4,European Championship qualifier,San Marino,0,0,831,2049
2019-09-06,Scotland,Russia,1,2,European Championship qualifier,Scotland,-20,+20,1646,1784
2019-09-06,Slovakia,Croatia,0,4,European Championship qualifier,Slovakia,-35,+35,1728,1921
2019-09-06,Slovenia,Poland,2,0,European Championship qualifier,Slovenia,+41,-41,1612,1763
2019-09-06,Tunisia,Mauritania,1,0,Friendly,Tunisia,+2,-2,1609,1343
2019-09-06,United States,Mexico,0,3,Friendly,the United States,-15,+15,1724,1900
2019-09-06,Wales,Azerbaijan,2,1,European Championship qualifier,Wales,+2,-2,1748,1363
2019-09-07,Botswana,Malawi,0,0,World Cup qualifier,Botswana,-4,+4,1308,1339
2019-09-07,Canada,Cuba,6,0,CONCACAF Nations League A,Canada,+8,-8,1584,1267
2019-09-07,Curaçao,Haiti,1,0,CONCACAF Nations League A,Curaçao,+27,-27,1398,1562
2019-09-07,El Salvador,Saint Lucia,3,0,CONCACAF Nations League B,El Salvador,+4,-4,1504,1095
2019-09-07,England,Bulgaria,4,0,European Championship qualifier,England,+5,-5,1945,1575
2019-09-07,France,Albania,4,1,European Championship qualifier,France,+2,-2,2052,1502
2019-09-07,Guadeloupe,Sint Maarten,5,1,CONCACAF Nations League C,Guadeloupe,+5,-5,1191,823
2019-09-07,Iceland,Moldova,3,0,European Championship qualifier,Iceland,+4,-4,1697,1300
2019-09-07,Kosovo,Czechia,2,1,European Championship qualifier,Kosovo,+25,-25,1569,1713
2019-09-07,Libya,Niger,2,0,Friendly,Morocco,+10,-10,1462,1313
2019-09-07,Lithuania,Ukraine,0,3,European Championship qualifier,Lithuania,-6,+6,1316,1830
2019-09-07,Montserrat,Dominican Republic,2,1,CONCACAF Nations League B,Montserrat,+35,-35,801,1188
2019-09-07,Serbia,Portugal,2,4,European Championship qualifier,Serbia,-23,+23,1773,2003
2019-09-07,Turkey,Andorra,1,0,European Championship qualifier,Turkey,0,0,1760,1063
2019-09-08,Armenia,Bosnia and Herzegovina,4,2,European Championship qualifier,Armenia,+45,-45,1499,1700
2019-09-08,Belize,Grenada,1,2,CONCACAF Nations League B,Belize,-26,+26,1120,1160
2019-09-08,Cayman Islands,Barbados,3,2,CONCACAF Nations League C,the Cayman Islands,+26,-26,964,1112
2019-09-08,Equatorial Guinea,South Sudan,1,0,World Cup qualifier,Equatorial Guinea,+4,-4,1325,1030
2019-09-08,Finland,Italy,1,2,European Championship qualifier,Finland,-12,+12,1675,1941
2019-09-08,Georgia,Denmark,0,0,European Championship qualifier,Georgia,+13,-13,1546,1879
2019-09-08,Greece,Liechtenstein,1,1,European Championship qualifier,Greece,-18,+18,1548,1137
2019-09-08,Kenya,Uganda,1,1,Friendly,Kenya,0,0,1387,1471
2019-09-08,Lesotho,Ethiopia,1,1,World Cup qualifier,Lesotho,-8,+8,1302,1267
2019-09-08,Panama,Bermuda,0,2,CONCACAF Nations League A,Panama,-55,+55,1521,1302
2019-09-08,Romania,Malta,1,0,European Championship qualifier,Romania,+1,-1,1740,1188
2019-09-08,Sierra Leone,Liberia,1,0,World Cup qualifier,Sierra Leone,+16,-16,1351,1342
2019-09-08,Spain,Faroe Islands,4,0,European Championship qualifier,Spain,0,0,2040,1222
2019-09-08,Saint Kitts and Nevis,French Guiana,2,2,CONCACAF Nations League B,Saint Kitts and Nevis,-1,+1,1220,1312
2019-09-08,Saint Vincent and the Grenadines,Dominica,1,0,CONCACAF Nations League B,Saint Vincent and the Grenadines,+9,-9,1151,1028
2019-09-08,Suriname,Nicaragua,6,0,CONCACAF Nations League B,Suriname,+23,-23,1321,1200
2019-09-08,Sweden,Norway,1,1,European Championship qualifier,Sweden,-12,+12,1819,1698
2019-09-08,Switzerland,Gibraltar,4,0,European Championship qualifier,Switzerland,0,0,1897,1093
2019-09-08,Tanzania,Burundi,1,1,World Cup qualifier,Tanzania,-7,+7,1320,1305
2019-09-08,US Virgin Islands,Saint Martin,2,1,CONCACAF Nations League C,Anguilla,+23,-23,747,756
2019-09-09,Algeria,Benin,1,0,Friendly,Algeria,+2,-2,1708,1462
2019-09-09,Antigua and Barbuda,Aruba,2,1,CONCACAF Nations League B,Antigua and Barbuda,+4,-4,1177,909
2019-09-09,Azerbaijan,Croatia,1,1,European Championship qualifier,Azerbaijan,+17,-17,1380,1904
2019-09-09,Bahamas,Bonaire,2,1,CONCACAF Nations League C,the Bahamas,+22,-22,875,958
2019-09-09,Estonia,Netherlands,0,4,European Championship qualifier,Estonia,-4,+4,1433,2022
2019-09-09,Guyana,Jamaica,0,4,CONCACAF Nations League B,Guyana,-12,+12,1180,1589
2019-09-09,Hungary,Slovakia,1,2,European Championship qualifier,Hungary,-22,+22,1638,1750
2019-09-09,Iraq,Uzbekistan,0,0,Friendly,Jordan,0,0,1568,1585
2019-09-09,Latvia,North Macedonia,0,2,European Championship qualifier,Latvia,-17,+17,1230,1523
2019-09-09,Northern Ireland,Germany,0,2,European Championship qualifier,Northern Ireland,-18,+18,1663,1951
2019-09-09,Poland,Austria,0,0,European Championship qualifier,Poland,-7,+7,1756,1746
2019-09-09,Russia,Kazakhstan,1,0,European Championship qualifier,Russia,+2,-2,1786,1390
2019-09-09,San Marino,Cyprus,0,4,European Championship qualifier,San Marino,-5,+5,826,1403
2019-09-09,Scotland,Belgium,0,4,European Championship qualifier,Scotland,-11,+11,1635,2060
2019-09-09,Slovenia,Israel,3,2,European Championship qualifier,Slovenia,+13,-13,1625,1574
2019-09-09,Trinidad and Tobago,Martinique,2,2,CONCACAF Nations League A,Trinidad and Tobago,-2,+2,1377,1447
2019-09-09,Wales,Belarus,1,0,Friendly,Wales,+3,-3,1751,1520
2019-09-10,Afghanistan,Bangladesh,1,0,World Cup and Asian Cup qualifier,Tajikistan,+5,-5,1137,807
2019-09-10,Albania,Iceland,4,2,European Championship qualifier,Albania,+38,-38,1540,1659
2019-09-10,Angola,Gambia,2,1,World Cup qualifier,Angola,+11,-11,1400,1318
2019-09-10,Argentina,Mexico,4,0,Friendly,the United States,+18,-18,1941,1882
2019-09-10,Cambodia,Bahrain,0,1,World Cup and Asian Cup qualifier,Cambodia,-2,+2,849,1498
2019-09-10,Canada,Cuba,1,0,CONCACAF Nations League A,the Cayman Islands,+6,-6,1590,1261
2019-09-10,Colombia,Venezuela,0,0,Friendly,the United States,-6,+6,2009,1803
2019-09-10,Dominican Republic,El Salvador,1,0,CONCACAF Nations League B,the Dominican Republic,+31,-31,1219,1473
2019-09-10,Ecuador,Bolivia,3,0,Friendly,Ecuador,+7,-7,1737,1590
2019-09-10,England,Kosovo,5,3,European Championship qualifier,England,+4,-4,1949,1565
2019-09-10,Eswatini,Djibouti,0,0,World Cup qualifier,Eswatini,-17,+17,1139,852
2019-09-10,France,Andorra,3,0,European Championship qualifier,France,0,0,2052,1063
2019-09-10,Guam,Philippines,1,4,World Cup and Asian Cup qualifier,Guam,-13,+13,745,1129
2019-09-10,Guinea-Bissau,São Tomé and Príncipe,2,1,World Cup qualifier,Guinea-Bissau,+5,-5,1301,1057
2019-09-10,Haiti,Curaçao,1,1,CONCACAF Nations League A,Haiti,-13,+13,1549,1411
2019-09-10,Honduras,Chile,2,1,Friendly,Honduras,+13,-13,1600,1800
2019-09-10,Hong Kong,Iran,0,2,World Cup and Asian Cup qualifier,Hong Kong,-3,+3,1171,1800
2019-09-10,Indonesia,Thailand,0,3,World Cup and Asian Cup qualifier,Indonesia,-32,+32,1161,1354
2019-09-10,Ireland,Bulgaria,3,1,Friendly,Ireland,+6,-6,1738,1569
2019-09-10,Ivory Coast,Tunisia,2,1,Friendly,France,+9,-9,1638,1600
2019-09-10,Jordan,Paraguay,2,4,Friendly,Jordan,-10,+10,1504,1737
2019-09-10,Kuwait,Australia,0,3,World Cup and Asian Cup qualifier,Kuwait,-22,+22,1414,1695
2019-09-10,Lithuania,Portugal,1,5,European Championship qualifier,Lithuania,-2,+2,1314,2005
2019-09-10,Luxembourg,Serbia,1,3,European Championship qualifier,Luxembourg,-8,+8,1347,1781
2019-09-10,Malawi,Botswana,1,0,World Cup qualifier,Malawi,+13,-13,1352,1295
2019-09-10,Malaysia,United Arab Emirates,1,2,World Cup and Asian Cup qualifier,Malaysia,-8,+8,1147,1498
2019-09-10,Maldives,China,0,5,World Cup and Asian Cup qualifier,the Maldives,-6,+6,958,1493
2019-09-10,Moldova,Turkey,0,4,European Championship qualifier,Moldova,-8,+8,1292,1768
2019-09-10,Mongolia,Tajikistan,0,1,World Cup and Asian Cup qualifier,Mongolia,-3,+3,732,1269
2019-09-10,Montenegro,Czechia,0,3,European Championship qualifier,Montenegro,-31,+31,1540,1744
2019-09-10,Montserrat,Saint Lucia,1,1,CONCACAF Nations League B,Montserrat,+10,-10,811,1085
2019-09-10,Morocco,Niger,1,0,Friendly,Morocco,+1,-1,1690,1312
2019-09-10,Mozambique,Mauritius,2,0,World Cup qualifier,Mozambique,+9,-9,1296,1080
2019-09-10,Myanmar,Japan,0,2,World Cup and Asian Cup qualifier,Myanmar,-2,+2,1018,1757
2019-09-10,Namibia,Eritrea,2,0,World Cup qualifier,Namibia,+6,-6,1352,1060
2019-09-10,Oman,Lebanon,1,0,Friendly,Oman,+4,-4,1515,1390
2019-09-10,Peru,Brazil,1,0,Friendly,the United States,+16,-16,1878,2107
2019-09-10,Puerto Rico,Guatemala,0,5,CONCACAF Nations League C,Puerto Rico,-7,+7,966,1498
2019-09-10,Qatar,India,0,0,World Cup and Asian Cup qualifier,Qatar,-19,+19,1714,1215
2019-09-10,Rwanda,Seychelles,7,0,World Cup qualifier,Rwanda,+7,-7,1287,948
2019-09-10,Saudi Arabia,Yemen,2,2,World Cup and Asian Cup qualifier,Bahrain,-14,+14,1476,1205
2019-09-10,Singapore,Palestine,2,1,World Cup and Asian Cup qualifier,Singapore,+32,-32,1139,1425
2019-09-10,Sri Lanka,North Korea,0,1,World Cup and Asian Cup qualifier,Sri Lanka,-1,+1,676,1390
2019-09-10,Sudan,Chad,0,0,World Cup qualifier,Sudan,-9,+9,1267,1224
2019-09-10,Taiwan,Nepal,0,2,World Cup and Asian Cup qualifier,Taiwan,-46,+46,950,932
2019-09-10,Togo,Comoros,2,0,World Cup qualifier,Togo,+9,-9,1349,1123
2019-09-10,Turkmenistan,South Korea,0,2,World Cup and Asian Cup qualifier,Turkmenistan,-4,+4,1226,1784
2019-09-10,Turks and Caicos Islands,Guadeloupe,0,3,CONCACAF Nations League C,Turks and Caicos Islands,-9,+9,752,1200
2019-09-10,Ukraine,Nigeria,2,2,Friendly,Ukraine,-6,+6,1824,1689
2019-09-10,United States,Uruguay,1,1,Friendly,the United States,+4,-4,1728,1958
2019-09-10,Zimbabwe,Somalia,3,1,World Cup qualifier,Zimbabwe,+2,-2,1394,876
2019-09-29,Bangladesh,Bhutan,4,1,Friendly,Bangladesh,+4,-4,811,567
2019-09-30,Botswana,Liberia,0,0,Friendly,Botswana,-2,+2,1293,1344
2019-10-02,Dominican Republic,Cuba,0,0,Friendly,the Dominican Republic,-2,+2,1217,1263
2019-10-02,Mexico,Trinidad and Tobago,2,0,Friendly,Mexico,+1,-1,1883,1376
2019-10-03,Bangladesh,Bhutan,2,0,Friendly,Bangladesh,+4,-4,815,563
2019-10-04,Saint Lucia,Dominica,3,1,Friendly,Saint Lucia,+9,-9,1094,1019
2019-10-05,Jordan,Singapore,0,0,Friendly,Jordan,-9,+9,1495,1148
2019-10-05,Malaysia,Sri Lanka,6,0,Friendly,Malaysia,+2,-2,1149,674
2019-10-06,Saint Lucia,Dominica,1,4,Friendly,Saint Lucia,-26,+26,1068,1045
2019-10-09,Bahrain,Azerbaijan,2,3,Friendly,Bahrain,-16,+16,1482,1396
2019-10-09,Djibouti,Gambia,1,1,African Nations Cup qualifier,Djibouti,+16,-16,868,1302
2019-10-09,Germany,Argentina,2,2,Friendly,Germany,-3,+3,1948,1944
2019-10-09,Liberia,Chad,1,0,African Nations Cup qualifier,Liberia,+9,-9,1353,1215
2019-10-09,Mauritius,São Tomé and Príncipe,1,3,African Nations Cup qualifier,Mauritius,-40,+40,1040,1097
2019-10-09,South Sudan,Seychelles,2,1,African Nations Cup qualifier,Sudan,+15,-15,1045,933
2019-10-10,Algeria,Democratic Republic of Congo,1,1,Friendly,Algeria,-7,+7,1701,1529
2019-10-10,Australia,Nepal,5,0,World Cup and Asian Cup qualifier,Australia,+1,-1,1696,931
2019-10-10,Austria,Israel,3,1,European Championship qualifier,Austria,+10,-10,1756,1564
2019-10-10,Bahamas,British Virgin Islands,4,0,CONCACAF Nations League C,Saint Kitts and Nevis,+15,-15,890,621
2019-10-10,Bangladesh,Qatar,0,2,World Cup and Asian Cup qualifier,Bangladesh,-1,+1,814,1715
2019-10-10,Belarus,Estonia,0,0,European Championship qualifier,Belarus,-10,+10,1510,1443
2019-10-10,Belgium,San Marino,9,0,European Championship qualifier,Belgium,0,0,2060,826
2019-10-10,Belize,Saint Kitts and Nevis,0,4,CONCACAF Nations League B,Belize,-38,+38,1082,1258
2019-10-10,Brazil,Senegal,1,1,Friendly,Singapore,-8,+8,2099,1759
2019-10-10,Cape Verde,Togo,2,1,Friendly,France,+9,-9,1404,1340
2019-10-10,China,Guam,7,0,World Cup and Asian Cup qualifier,China,+1,-1,1494,744
2019-10-10,Costa Rica,Haiti,1,1,CONCACAF Nations League A,the Bahamas,-7,+7,1673,1556
2019-10-10,Croatia,Hungary,3,0,European Championship qualifier,Croatia,+8,-8,1912,1630
2019-10-10,French Guiana,Grenada,0,0,CONCACAF Nations League B,French Guiana,-12,+12,1300,1172
2019-10-10,Gabon,Burkina Faso,1,0,Friendly,France,+14,-14,1423,1534
2019-10-10,Iran,Cambodia,14,0,World Cup and Asian Cup qualifier,Iran,0,0,1800,849
2019-10-10,Iraq,Hong Kong,2,0,World Cup and Asian Cup qualifier,Iraq,+3,-3,1571,1168
2019-10-10,Japan,Mongolia,6,0,World Cup and Asian Cup qualifier,Japan,0,0,1757,732
2019-10-10,Jordan,Kuwait,0,0,World Cup and Asian Cup qualifier,Jordan,-10,+10,1485,1424
2019-10-10,Kazakhstan,Cyprus,1,2,European Championship qualifier,Kazakhstan,-25,+25,1365,1428
2019-10-10,Kosovo,Gibraltar,1,0,Friendly,Kosovo,+1,-1,1566,1092
2019-10-10,Kyrgyzstan,Myanmar,7,0,World Cup and Asian Cup qualifier,Kyrgyzstan,+10,-10,1284,1008
2019-10-10,Latvia,Poland,0,3,European Championship qualifier,Latvia,-6,+6,1224,1762
2019-10-10,Lebanon,Turkmenistan,2,1,World Cup and Asian Cup qualifier,Lebanon,+7,-7,1397,1219
2019-10-10,Netherlands,Northern Ireland,3,1,European Championship qualifier,the Netherlands,+4,-4,2026,1659
2019-10-10,Niger,Zambia,1,1,Friendly,Niger,+1,-1,1313,1449
2019-10-10,North Macedonia,Slovenia,2,1,European Championship qualifier,North Macedonia,+20,-20,1543,1605
2019-10-10,Oman,Afghanistan,3,0,World Cup and Asian Cup qualifier,Oman,+4,-4,1519,1133
2019-10-10,Russia,Scotland,4,0,European Championship qualifier,Russia,+14,-14,1800,1621
2019-10-10,Saudi Arabia,Singapore,3,0,World Cup and Asian Cup qualifier,Saudi Arabia,+5,-5,1481,1143
2019-10-10,Serbia,Paraguay,1,0,Friendly,Serbia,+6,-6,1787,1731
2019-10-10,Slovakia,Wales,1,1,European Championship qualifier,Slovakia,-6,+6,1744,1757
2019-10-10,South Korea,Sri Lanka,8,0,World Cup and Asian Cup qualifier,South Korea,0,0,1784,674
2019-10-10,Syria,Maldives,2,1,World Cup and Asian Cup qualifier,the United Arab Emirates,+2,-2,1456,956
2019-10-10,Thailand,Congo,1,1,Friendly,Thailand,-2,+2,1352,1377
2019-10-10,Trinidad and Tobago,Honduras,0,2,CONCACAF Nations League A,Trinidad and Tobago,-20,+20,1356,1620
2019-10-10,Turks and Caicos Islands,Sint Maarten,5,2,CONCACAF Nations League C,Curaçao,+42,-42,794,781
2019-10-10,United Arab Emirates,Indonesia,5,0,World Cup and Asian Cup qualifier,the United Arab Emirates,+6,-6,1504,1155
2019-10-10,Uzbekistan,Yemen,5,0,World Cup and Asian Cup qualifier,Uzbekistan,+5,-5,1590,1200
2019-10-10,Venezuela,Bolivia,4,1,Friendly,Venezuela,+5,-5,1808,1585
2019-10-10,Vietnam,Malaysia,1,0,World Cup and Asian Cup qualifier,Vietnam,+5,-5,1378,1144
2019-10-11,Andorra,Moldova,1,0,European Championship qualifier,Andorra,+27,-27,1090,1265
2019-10-11,Antigua and Barbuda,Guyana,2,1,CONCACAF Nations League B,Antigua and Barbuda,+15,-15,1192,1165
2019-10-11,Bermuda,Mexico,1,5,CONCACAF Nations League A,Bermuda,-4,+4,1298,1887
2019-10-11,Czechia,England,2,1,European Championship qualifier,Czechia,+26,-26,1770,1923
2019-10-11,Iceland,France,0,1,European Championship qualifier,Iceland,-6,+6,1653,2058
2019-10-11,Montenegro,Bulgaria,0,0,European Championship qualifier,Montenegro,-4,+4,1536,1573
2019-10-11,Morocco,Libya,1,1,Friendly,Morocco,-7,+7,1683,1469
2019-10-11,Nicaragua,Dominica,3,1,CONCACAF Nations League B,Nicaragua,+11,-11,1211,1034
2019-10-11,Portugal,Luxembourg,3,0,European Championship qualifier,Portugal,+1,-1,2006,1346
2019-10-11,Saint Vincent and the Grenadines,Suriname,2,2,CONCACAF Nations League B,Saint Vincent and the Grenadines,+4,-4,1155,1317
2019-10-11,Turkey,Albania,1,0,European Championship qualifier,Turkey,+5,-5,1773,1535
2019-10-11,Ukraine,Lithuania,2,0,European Championship qualifier,Ukraine,+2,-2,1826,1312
2019-10-11,Uruguay,Peru,1,0,Friendly,Uruguay,+5,-5,1963,1873
2019-10-11,United States,Cuba,7,0,CONCACAF Nations League A,the United States,+3,-3,1731,1260
2019-10-12,Anguilla,Guatemala,0,5,CONCACAF Nations League C,Anguilla,-1,+1,557,1499
2019-10-12,Barbados,US Virgin Islands,1,0,CONCACAF Nations League C,Barbados,+3,-3,1115,744
2019-10-12,Bosnia and Herzegovina,Finland,4,1,European Championship qualifier,Bosnia and Herzegovina,+23,-23,1723,1652
2019-10-12,Chile,Colombia,0,0,Friendly,Spain,+5,-5,1805,2004
2019-10-12,Comoros,Guinea,1,0,Friendly,France,+17,-17,1140,1408
2019-10-12,Denmark,Switzerland,1,0,European Championship qualifier,Denmark,+15,-15,1894,1882
2019-10-12,Dominican Republic,Saint Lucia,3,0,CONCACAF Nations League B,the Dominican Republic,+13,-13,1230,1055
2019-10-12,Faroe Islands,Romania,0,3,European Championship qualifier,the Faroe Islands,-6,+6,1216,1746
2019-10-12,Georgia,Ireland,0,0,European Championship qualifier,Georgia,+5,-5,1551,1733
2019-10-12,Italy,Greece,2,0,European Championship qualifier,Italy,+3,-3,1944,1545
2019-10-12,Jamaica,Aruba,2,0,CONCACAF Nations League B,Jamaica,+1,-1,1590,908
2019-10-12,Liechtenstein,Armenia,1,1,European Championship qualifier,Liechtenstein,+13,-13,1150,1486
2019-10-12,Malta,Sweden,0,4,European Championship qualifier,Malta,-3,+3,1185,1822
2019-10-12,Montserrat,El Salvador,0,2,CONCACAF Nations League B,Montserrat,-2,+2,809,1475
2019-10-12,Norway,Spain,1,1,European Championship qualifier,Norway,+12,-12,1710,2028
2019-10-12,Saint Martin,Cayman Islands,3,0,CONCACAF Nations League C,Anguilla,+54,-54,810,910
2019-10-12,Tunisia,Cameroon,0,0,Friendly,Tunisia,-3,+3,1597,1584
2019-10-13,Argentina,Ecuador,6,1,Friendly,Spain,+9,-9,1953,1728
2019-10-13,Belarus,Netherlands,1,2,European Championship qualifier,Belarus,-3,+3,1507,2029
2019-10-13,Benin,Zambia,2,2,Friendly,Benin,-3,+3,1459,1452
2019-10-13,Bonaire,British Virgin Islands,4,3,CONCACAF Nations League C,Saint Kitts and Nevis,+5,-5,963,616
2019-10-13,Brazil,Nigeria,1,1,Friendly,Singapore,-8,+8,2091,1697
2019-10-13,Chad,Liberia,1,0,African Nations Cup qualifier,Chad,+22,-22,1237,1331
2019-10-13,Costa Rica,Curaçao,0,0,CONCACAF Nations League A,Costa Rica,-16,+16,1657,1427
2019-10-13,Cyprus,Russia,0,5,European Championship qualifier,Cyprus,-14,+14,1414,1814
2019-10-13,Equatorial Guinea,Togo,1,1,Friendly,France,0,0,1325,1340
2019-10-13,Estonia,Germany,0,3,European Championship qualifier,Estonia,-6,+6,1437,1954
2019-10-13,Ethiopia,Uganda,0,1,Friendly,Ethiopia,-7,+7,1260,1478
2019-10-13,Gambia,Djibouti,1,1,African Nations Cup qualifier,The Gambia,-18,+18,1284,886
2019-10-13,Grenada,French Guiana,1,0,CONCACAF Nations League B,Grenada,+22,-22,1194,1278
2019-10-13,Honduras,Martinique,1,0,CONCACAF Nations League A,Honduras,+7,-7,1627,1440
2019-10-13,Hungary,Azerbaijan,1,0,European Championship qualifier,Hungary,+5,-5,1635,1391
2019-10-13,Ivory Coast,Democratic Republic of Congo,3,1,Friendly,France,+10,-10,1648,1519
2019-10-13,Kazakhstan,Belgium,0,2,European Championship qualifier,Kazakhstan,-2,+2,1363,2062
2019-10-13,Kenya,Mozambique,0,1,Friendly,Kenya,-15,+15,1372,1311
2019-10-13,Lesotho,Malawi,1,1,Friendly,Lesotho,-1,+1,1301,1353
2019-10-13,Niger,Central African Republic,0,2,Friendly,Niger,-18,+18,1295,1352
2019-10-13,Poland,North Macedonia,2,0,European Championship qualifier,Poland,+8,-8,1770,1535
2019-10-13,São Tomé and Príncipe,Mauritius,2,1,African Nations Cup qualifier,São Tomé and Príncipe,+12,-12,1109,1028
2019-10-13,Scotland,San Marino,6,0,European Championship qualifier,Scotland,0,0,1621,826
2019-10-13,Seychelles,South Sudan,0,1,African Nations Cup qualifier,the Seychelles,-19,+19,914,1064
2019-10-13,Slovakia,Paraguay,1,1,Friendly,Slovakia,-3,+3,1741,1734
2019-10-13,Slovenia,Austria,0,1,European Championship qualifier,Slovenia,-17,+17,1588,1773
2019-10-13,South Africa,Mali,2,1,Friendly tournament,South Africa,+11,-11,1544,1535
2019-10-13,Saint Kitts and Nevis,Belize,0,1,CONCACAF Nations League B,Saint Kitts and Nevis,-33,+33,1225,1115
2019-10-13,Wales,Croatia,1,1,European Championship qualifier,Wales,+3,-3,1760,1909
2019-10-14,Bulgaria,England,0,6,European Championship qualifier,Bulgaria,-16,+16,1557,1939
2019-10-14,Czechia,Northern Ireland,2,3,Friendly,Czechia,-15,+15,1755,1674
2019-10-14,Dominica,Nicaragua,0,4,CONCACAF Nations League B,Dominica,-29,+29,1005,1240
2019-10-14,Egypt,Botswana,1,0,Friendly,Egypt,+2,-2,1613,1291
2019-10-14,France,Turkey,1,1,European Championship qualifier,France,-16,+16,2042,1789
2019-10-14,Guadeloupe,Sint Maarten,2,1,CONCACAF Nations League C,Curaçao,+3,-3,1203,778
2019-10-14,Guyana,Antigua and Barbuda,5,1,CONCACAF Nations League B,Guyana,+30,-30,1195,1162
2019-10-14,Iceland,Andorra,2,0,European Championship qualifier,Iceland,+1,-1,1654,1089
2019-10-14,Kosovo,Montenegro,2,0,European Championship qualifier,Kosovo,+19,-19,1585,1517
2019-10-14,Lithuania,Serbia,1,2,European Championship qualifier,Lithuania,-4,+4,1308,1791
2019-10-14,Moldova,Albania,0,4,European Championship qualifier,Moldova,-20,+20,1245,1555
2019-10-14,Rwanda,Tanzania,0,0,Friendly,Rwanda,-2,+2,1285,1322
2019-10-14,Suriname,Saint Vincent and the Grenadines,0,1,CONCACAF Nations League B,Suriname,-33,+33,1284,1188
2019-10-14,Ukraine,Portugal,2,1,European Championship qualifier,Ukraine,+25,-25,1851,1981
2019-10-14,Venezuela,Trinidad and Tobago,2,0,Friendly,Venezuela,+1,-1,1809,1355
2019-10-15,Algeria,Colombia,3,0,Friendly,France,+30,-30,1731,1974
2019-10-15,Anguilla,Puerto Rico,2,3,CONCACAF Nations League C,Anguilla,-6,+6,551,972
2019-10-15,Bahrain,Iran,1,0,World Cup and Asian Cup qualifier,Bahrain,+31,-31,1513,1769
2019-10-15,Bermuda,Guatemala,0,0,Friendly,Bermuda,+3,-3,1301,1496
2019-10-15,Bolivia,Haiti,3,1,Friendly,Bolivia,+10,-10,1595,1546
2019-10-15,Cambodia,Iraq,0,4,World Cup and Asian Cup qualifier,Cambodia,-2,+2,847,1573
2019-10-15,Canada,United States,2,0,CONCACAF Nations League A,Canada,+34,-34,1624,1697
2019-10-15,Cayman Islands,Saint Martin,1,0,CONCACAF Nations League C,the Cayman Islands,+10,-10,920,800
2019-10-15,Chile,Guinea,3,2,Friendly,Spain,+2,-2,1807,1406
2019-10-15,Denmark,Luxembourg,4,0,Friendly,Denmark,+1,-1,1895,1345
2019-10-15,Dominican Republic,Montserrat,0,0,CONCACAF Nations League B,the Dominican Republic,-18,+18,1212,827
2019-10-15,Faroe Islands,Malta,1,0,European Championship qualifier,the Faroe Islands,+13,-13,1229,1172
2019-10-15,Finland,Armenia,3,0,European Championship qualifier,Finland,+12,-12,1664,1474
2019-10-15,Gibraltar,Georgia,2,3,European Championship qualifier,Gibraltar,-4,+4,1088,1555
2019-10-15,Greece,Bosnia and Herzegovina,2,1,European Championship qualifier,Greece,+24,-24,1569,1699
2019-10-15,India,Bangladesh,1,1,World Cup and Asian Cup qualifier,India,-18,+18,1197,832
2019-10-15,Indonesia,Vietnam,1,3,World Cup and Asian Cup qualifier,Indonesia,-20,+20,1135,1398
2019-10-15,Israel,Latvia,3,1,European Championship qualifier,Israel,+4,-4,1568,1220
2019-10-15,Jamaica,Aruba,6,0,CONCACAF Nations League B,Curaçao,+2,-2,1592,906
2019-10-15,Jordan,Nepal,3,0,World Cup and Asian Cup qualifier,Jordan,+2,-2,1487,929
2019-10-15,Kuwait,Turkmenistan,1,1,Friendly,Kuwait,-7,+7,1417,1226
2019-10-15,Liechtenstein,Italy,0,5,European Championship qualifier,Liechtenstein,-1,+1,1149,1945
2019-10-15,Mauritania,Libya,0,0,Friendly,Mauritania,+1,-1,1344,1468
2019-10-15,Mexico,Panama,3,1,CONCACAF Nations League A,Mexico,+4,-4,1891,1517
2019-10-15,Mongolia,Kyrgyzstan,1,2,World Cup and Asian Cup qualifier,Mongolia,-3,+3,729,1287
2019-10-15,Morocco,Gabon,2,3,Friendly,Morocco,-18,+18,1665,1441
2019-10-15,North Korea,South Korea,0,0,World Cup and Asian Cup qualifier,North Korea,+14,-14,1404,1770
2019-10-15,Palestine,Saudi Arabia,0,0,World Cup and Asian Cup qualifier,Palestine,-3,+3,1422,1484
2019-10-15,Peru,Uruguay,1,1,Friendly,Peru,0,0,1873,1963
2019-10-15,Philippines,China,0,0,World Cup and Asian Cup qualifier,the Philippines,+13,-13,1142,1481
2019-10-15,Qatar,Oman,2,1,World Cup and Asian Cup qualifier,Qatar,+6,-6,1721,1513
2019-10-15,Romania,Norway,1,1,European Championship qualifier,Romania,-7,+7,1739,1717
2019-10-15,Singapore,Uzbekistan,1,3,World Cup and Asian Cup qualifier,Singapore,-7,+7,1136,1597
2019-10-15,Sri Lanka,Lebanon,0,3,World Cup and Asian Cup qualifier,Sri Lanka,-2,+2,672,1399
2019-10-15,Saint Lucia,El Salvador,0,2,CONCACAF Nations League B,Saint Lucia,-8,+8,1047,1483
2019-10-15,Sweden,Spain,1,1,European Championship qualifier,Sweden,+6,-6,1828,2022
2019-10-15,Switzerland,Ireland,2,0,European Championship qualifier,Switzerland,+12,-12,1894,1721
2019-10-15,Syria,Guam,4,0,World Cup and Asian Cup qualifier,the United Arab Emirates,+1,-1,1457,743
2019-10-15,Taiwan,Australia,1,7,World Cup and Asian Cup qualifier,Taiwan,-2,+2,948,1698
2019-10-15,Tajikistan,Japan,0,3,World Cup and Asian Cup qualifier,Tajikistan,-7,+7,1262,1764
2019-10-15,Thailand,United Arab Emirates,2,1,World Cup and Asian Cup qualifier,Thailand,+23,-23,1375,1481
2019-10-15,US Virgin Islands,Barbados,0,4,CONCACAF Nations League C,the US Virgin Islands,-13,+13,731,1128
2019-11-05,Malaysia,Maldives,2,1,Friendly,Malaysia,+3,-3,1147,953
2019-11-07,Egypt,Liberia,1,0,Friendly,Egypt,+2,-2,1615,1329
2019-11-07,Myanmar,Nepal,3,0,Friendly,Myanmar,+9,-9,1017,920
2019-11-07,Nicaragua,Cuba,0,0,Friendly,Nicaragua,-2,+2,1238,1262
2019-11-09,Malaysia,Tajikistan,1,0,Friendly,Malaysia,+10,-10,1157,1252
2019-11-09,Namibia,Zambia,0,2,Friendly,Namibia,-15,+15,1337,1467
2019-11-09,Uzbekistan,Kyrgyzstan,3,1,Friendly,Uzbekistan,+3,-3,1600,1284
2019-11-10,Nicaragua,Cuba,0,1,Friendly,Nicaragua,-12,+12,1226,1274
2019-11-10,Trinidad and Tobago,Anguilla,15,0,Friendly,Trinidad and Tobago,0,0,1355,551
2019-11-13,Angola,Gambia,1,3,African Nations Cup qualifier,Angola,-47,+47,1353,1331
2019-11-13,Burkina Faso,Uganda,0,0,African Nations Cup qualifier,Burkina Faso,-8,+8,1526,1486
2019-11-13,Cameroon,Cape Verde,0,0,African Nations Cup qualifier,Cameroon,-13,+13,1571,1417
2019-11-13,Central African Republic,Burundi,2,0,African Nations Cup qualifier,Central African Republic,+18,-18,1370,1287
2019-11-13,Guinea-Bissau,Eswatini,3,0,African Nations Cup qualifier,Guinea-Bissau,+13,-13,1314,1126
2019-11-13,Malawi,South Sudan,1,0,African Nations Cup qualifier,Malawi,+4,-4,1357,1060
2019-11-13,Namibia,Chad,2,1,African Nations Cup qualifier,Namibia,+10,-10,1347,1227
2019-11-13,Nigeria,Benin,2,1,African Nations Cup qualifier,Nigeria,+5,-5,1702,1454
2019-11-13,Senegal,Congo,2,0,African Nations Cup qualifier,Senegal,+4,-4,1763,1373
2019-11-13,Sierra Leone,Lesotho,1,1,African Nations Cup qualifier,Sierra Leone,-8,+8,1343,1309
2019-11-13,Sudan,São Tomé and Príncipe,4,0,African Nations Cup qualifier,Sudan,+14,-14,1281,1095
2019-11-14,Afghanistan,India,1,1,World Cup and Asian Cup qualifier,Tajikistan,+4,-4,1137,1193
2019-11-14,Albania,Andorra,2,2,European Championship qualifier,Albania,-19,+19,1536,1108
2019-11-14,Algeria,Zambia,5,0,African Nations Cup qualifier,Algeria,+9,-9,1740,1458
2019-11-14,Bahamas,British Virgin Islands,3,0,CONCACAF Nations League C,the Bahamas,+7,-7,897,609
2019-11-14,Belize,French Guiana,2,0,CONCACAF Nations League B,Belize,+35,-35,1150,1243
2019-11-14,Bulgaria,Paraguay,0,1,Friendly,Bulgaria,-8,+8,1549,1742
2019-11-14,Cambodia,Mongolia,1,1,Friendly,Cambodia,-6,+6,841,735
2019-11-14,Curaçao,Costa Rica,1,2,CONCACAF Nations League A,Curaçao,-13,+13,1414,1670
2019-11-14,Czechia,Kosovo,2,1,European Championship qualifier,Czechia,+7,-7,1762,1578
2019-11-14,Democratic Republic of Congo,Gabon,0,0,African Nations Cup qualifier,the Democratic Republic of the Congo,-9,+9,1510,1450
2019-11-14,Ecuador,Trinidad and Tobago,3,0,Friendly,Ecuador,+2,-2,1730,1353
2019-11-14,Egypt,Kenya,1,1,African Nations Cup qualifier,Egypt,-15,+15,1600,1387
2019-11-14,England,Montenegro,7,0,European Championship qualifier,England,+4,-4,1943,1513
2019-11-14,France,Moldova,2,1,European Championship qualifier,France,0,0,2042,1245
2019-11-14,Ghana,South Africa,2,0,African Nations Cup qualifier,Ghana,+16,-16,1631,1528
2019-11-14,Hong Kong,Bahrain,0,0,World Cup and Asian Cup qualifier,Hong Kong,+12,-12,1180,1501
2019-11-14,Iraq,Iran,2,1,World Cup and Asian Cup qualifier,Jordan,+30,-30,1603,1739
2019-11-14,Ireland,New Zealand,3,1,Friendly,Ireland,+4,-4,1725,1498
2019-11-14,Jordan,Australia,0,1,World Cup and Asian Cup qualifier,Jordan,-14,+14,1473,1712
2019-11-14,Kuwait,Taiwan,9,0,World Cup and Asian Cup qualifier,Kuwait,+4,-4,1421,944
2019-11-14,Kyrgyzstan,Japan,0,2,World Cup and Asian Cup qualifier,Kyrgyzstan,-6,+6,1278,1770
2019-11-14,Lebanon,South Korea,0,0,World Cup and Asian Cup qualifier,Lebanon,+13,-13,1412,1757
2019-11-14,Malaysia,Thailand,2,1,World Cup and Asian Cup qualifier,Malaysia,+27,-27,1184,1348
2019-11-14,Maldives,Philippines,1,2,World Cup and Asian Cup qualifier,the Maldives,-15,+15,938,1157
2019-11-14,Mali,Guinea,2,2,African Nations Cup qualifier,Mali,-12,+12,1523,1418
2019-11-14,Martinique,Honduras,1,1,CONCACAF Nations League A,Martinique,+5,-5,1445,1622
2019-11-14,Mozambique,Rwanda,2,0,African Nations Cup qualifier,Mozambique,+20,-20,1331,1265
2019-11-14,Myanmar,Tajikistan,4,3,World Cup and Asian Cup qualifier,Myanmar,+27,-27,1044,1225
2019-11-14,Oman,Bangladesh,4,1,World Cup and Asian Cup qualifier,Oman,+1,-1,1514,831
2019-11-14,Portugal,Lithuania,6,0,European Championship qualifier,Portugal,+1,-1,1982,1307
2019-11-14,Qatar,Singapore,2,0,Friendly,Qatar,+1,-1,1722,1135
2019-11-14,Serbia,Luxembourg,3,2,European Championship qualifier,Serbia,+2,-2,1793,1343
2019-11-14,Saint Kitts and Nevis,Grenada,0,0,CONCACAF Nations League B,Saint Kitts and Nevis,-7,+7,1218,1201
2019-11-14,Syria,China,2,1,World Cup and Asian Cup qualifier,the United Arab Emirates,+21,-21,1478,1460
2019-11-14,Togo,Comoros,0,1,African Nations Cup qualifier,Togo,-34,+34,1306,1174
2019-11-14,Turkey,Iceland,0,0,European Championship qualifier,Turkey,-12,+12,1777,1666
2019-11-14,Turkmenistan,North Korea,3,1,World Cup and Asian Cup qualifier,Turkmenistan,+37,-37,1263,1367
2019-11-14,Turks and Caicos Islands,Sint Maarten,3,2,CONCACAF Nations League C,Turks and Caicos Islands,+14,-14,808,764
2019-11-14,Ukraine,Estonia,1,0,Friendly,Ukraine,+1,-1,1852,1436
2019-11-14,Uzbekistan,Saudi Arabia,2,3,World Cup and Asian Cup qualifier,Uzbekistan,-31,+31,1569,1515
2019-11-14,Vietnam,United Arab Emirates,1,0,World Cup and Asian Cup qualifier,Vietnam,+19,-19,1417,1462
2019-11-14,Yemen,Palestine,1,0,World Cup and Asian Cup qualifier,Bahrain,+31,-31,1231,1391
2019-11-15,Antigua and Barbuda,Jamaica,0,2,CONCACAF Nations League B,Antigua and Barbuda,-8,+8,1154,1600
2019-11-15,Argentina,Brazil,1,0,Friendly,Saudi Arabia,+14,-14,1967,2077
2019-11-15,Armenia,Greece,0,1,European Championship qualifier,Armenia,-20,+20,1454,1589
2019-11-15,Bosnia and Herzegovina,Italy,0,3,European Championship qualifier,Bosnia and Herzegovina,-21,+21,1678,1966
2019-11-15,Colombia,Peru,1,0,Friendly,the United States,+7,-7,1981,1866
2019-11-15,Denmark,Gibraltar,6,0,European Championship qualifier,Denmark,0,0,1895,1088
2019-11-15,Finland,Liechtenstein,3,0,European Championship qualifier,Finland,+2,-2,1666,1147
2019-11-15,Guyana,Aruba,4,2,CONCACAF Nations League B,Guyana,+6,-6,1201,900
2019-11-15,Hungary,Uruguay,1,2,Friendly,Hungary,-4,+4,1631,1967
2019-11-15,Morocco,Mauritania,0,0,African Nations Cup qualifier,Morocco,-17,+17,1648,1361
2019-11-15,Norway,Faroe Islands,4,0,European Championship qualifier,Norway,+2,-2,1719,1227
2019-11-15,Panama,Mexico,0,3,CONCACAF Nations League A,Panama,-12,+12,1505,1903
2019-11-15,Romania,Sweden,0,2,European Championship qualifier,Romania,-31,+31,1708,1859
2019-11-15,Spain,Malta,7,0,European Championship qualifier,Spain,0,0,2022,1172
2019-11-15,Saint Vincent and the Grenadines,Nicaragua,1,0,CONCACAF Nations League B,Saint Vincent and the Grenadines,+16,-16,1204,1210
2019-11-15,Suriname,Dominica,4,0,CONCACAF Nations League B,Suriname,+8,-8,1292,997
2019-11-15,Switzerland,Georgia,1,0,European Championship qualifier,Switzerland,+3,-3,1897,1552
2019-11-15,Tanzania,Equatorial Guinea,2,1,African Nations Cup qualifier,Tanzania,+15,-15,1337,1310
2019-11-15,Tunisia,Libya,4,1,African Nations Cup qualifier,Tunisia,+15,-15,1612,1453
2019-11-15,United States,Canada,4,1,CONCACAF Nations League A,the United States,+19,-19,1716,1605
2019-11-15,Zimbabwe,Botswana,0,0,African Nations Cup qualifier,Zimbabwe,-11,+11,1383,1302
2019-11-16,Austria,North Macedonia,2,1,European Championship qualifier,Austria,+5,-5,1778,1530
2019-11-16,Azerbaijan,Wales,0,2,European Championship qualifier,Azerbaijan,-11,+11,1380,1771
2019-11-16,Cayman Islands,US Virgin Islands,1,0,CONCACAF Nations League C,the Cayman Islands,+6,-6,926,725
2019-11-16,Croatia,Slovakia,3,1,European Championship qualifier,Croatia,+11,-11,1920,1730
2019-11-16,Cyprus,Scotland,1,2,European Championship qualifier,Cyprus,-14,+14,1400,1635
2019-11-16,El Salvador,Montserrat,1,0,CONCACAF Nations League B,El Salvador,+1,-1,1484,826
2019-11-16,Germany,Belarus,4,0,European Championship qualifier,Germany,+3,-3,1957,1504
2019-11-16,Guatemala,Puerto Rico,5,0,CONCACAF Nations League C,Guatemala,+2,-2,1498,970
2019-11-16,Israel,Poland,1,2,European Championship qualifier,Israel,-14,+14,1554,1784
2019-11-16,Ivory Coast,Niger,1,0,African Nations Cup qualifier,Ivory Coast,+3,-3,1651,1292
2019-11-16,Madagascar,Ethiopia,1,0,African Nations Cup qualifier,Madagascar,+9,-9,1395,1251
2019-11-16,Northern Ireland,Netherlands,0,0,European Championship qualifier,Northern Ireland,+13,-13,1687,2016
2019-11-16,Russia,Belgium,1,4,European Championship qualifier,Russia,-21,+21,1793,2083
2019-11-16,San Marino,Kazakhstan,1,3,European Championship qualifier,San Marino,-4,+4,822,1367
2019-11-16,Slovenia,Latvia,1,0,European Championship qualifier,Slovenia,+3,-3,1591,1217
2019-11-16,Saint Lucia,Dominican Republic,1,0,CONCACAF Nations League B,Saint Lucia,+24,-24,1071,1188
2019-11-16,Saint Martin,Barbados,1,0,CONCACAF Nations League C,Anguilla,+35,-35,835,1093
2019-11-17,Albania,France,0,2,European Championship qualifier,Albania,-5,+5,1531,2047
2019-11-17,Andorra,Turkey,0,2,European Championship qualifier,Andorra,-2,+2,1106,1779
2019-11-17,Bahamas,Bonaire,1,1,CONCACAF Nations League C,Curaçao,+4,-4,901,959
2019-11-17,Benin,Sierra Leone,1,0,African Nations Cup qualifier,Benin,+9,-9,1463,1334
2019-11-17,Bulgaria,Czechia,1,0,European Championship qualifier,Bulgaria,+26,-26,1575,1736
2019-11-17,Burkina Faso,South Sudan,2,1,African Nations Cup qualifier,Sudan,+3,-3,1529,1057
2019-11-17,Chad,Mali,0,2,African Nations Cup qualifier,Chad,-15,+15,1212,1538
2019-11-17,Congo,Guinea-Bissau,3,0,African Nations Cup qualifier,Congo,+20,-20,1393,1294
2019-11-17,Costa Rica,Haiti,1,1,CONCACAF Nations League A,Costa Rica,-11,+11,1659,1557
2019-11-17,Eswatini,Senegal,1,4,African Nations Cup qualifier,Eswatini,-3,+3,1123,1766
2019-11-17,French Guiana,Saint Kitts and Nevis,3,1,CONCACAF Nations League B,French Guiana,+20,-20,1263,1198
2019-11-17,Gabon,Angola,2,1,African Nations Cup qualifier,Gabon,+10,-10,1460,1343
2019-11-17,Grenada,Belize,3,2,CONCACAF Nations League B,Grenada,+12,-12,1213,1138
2019-11-17,Guadeloupe,Turks and Caicos Islands,10,0,CONCACAF Nations League C,Guadeloupe,+6,-6,1209,802
2019-11-17,Guinea,Namibia,2,0,African Nations Cup qualifier,Guinea,+16,-16,1434,1331
2019-11-17,Honduras,Trinidad and Tobago,4,0,CONCACAF Nations League A,Honduras,+8,-8,1630,1345
2019-11-17,Kosovo,England,0,4,European Championship qualifier,Kosovo,-13,+13,1565,1956
2019-11-17,Lesotho,Nigeria,2,4,African Nations Cup qualifier,Lesotho,-9,+9,1300,1711
2019-11-17,Lithuania,New Zealand,1,0,Friendly,Lithuania,+13,-13,1320,1485
2019-11-17,Luxembourg,Portugal,0,2,European Championship qualifier,Luxembourg,-3,+3,1340,1985
2019-11-17,Moldova,Iceland,1,2,European Championship qualifier,Moldova,-5,+5,1240,1671
2019-11-17,Rwanda,Cameroon,0,1,African Nations Cup qualifier,Rwanda,-9,+9,1256,1580
2019-11-17,Serbia,Ukraine,2,2,European Championship qualifier,Serbia,-2,+2,1791,1854
2019-11-17,South Africa,Sudan,1,0,African Nations Cup qualifier,South Africa,+5,-5,1533,1276
2019-11-17,Uganda,Malawi,2,0,African Nations Cup qualifier,Uganda,+13,-13,1499,1344
2019-11-18,Antigua and Barbuda,Aruba,3,2,CONCACAF Nations League B,Curaçao,+8,-8,1162,892
2019-11-18,Argentina,Uruguay,2,2,Friendly,Israel,0,0,1967,1967
2019-11-18,Botswana,Algeria,0,1,African Nations Cup qualifier,Botswana,-5,+5,1297,1745
2019-11-18,Cape Verde,Mozambique,2,2,African Nations Cup qualifier,Cape Verde,-10,+10,1407,1341
2019-11-18,Comoros,Egypt,0,0,African Nations Cup qualifier,the Comoros,+15,-15,1189,1585
2019-11-18,Dominica,Saint Vincent and the Grenadines,1,0,CONCACAF Nations League B,Dominica,+26,-26,1023,1178
2019-11-18,Gambia,Democratic Republic of Congo,2,2,African Nations Cup qualifier,The Gambia,+4,-4,1335,1506
2019-11-18,Gibraltar,Switzerland,1,6,European Championship qualifier,Gibraltar,-1,+1,1087,1898
2019-11-18,Greece,Finland,2,1,European Championship qualifier,Greece,+19,-19,1608,1647
2019-11-18,Ireland,Denmark,1,1,European Championship qualifier,Ireland,+4,-4,1729,1891
2019-11-18,Italy,Armenia,9,1,European Championship qualifier,Italy,+3,-3,1969,1451
2019-11-18,Jamaica,Guyana,1,1,CONCACAF Nations League B,Jamaica,-18,+18,1582,1219
2019-11-18,Kenya,Togo,1,1,African Nations Cup qualifier,Kenya,-10,+10,1377,1316
2019-11-18,Liechtenstein,Bosnia and Herzegovina,0,3,European Championship qualifier,Liechtenstein,-5,+5,1142,1683
2019-11-18,Malta,Norway,1,2,European Championship qualifier,Malta,-3,+3,1169,1722
2019-11-18,Nicaragua,Suriname,1,2,CONCACAF Nations League B,Nicaragua,-21,+21,1189,1313
2019-11-18,São Tomé and Príncipe,Ghana,0,1,African Nations Cup qualifier,São Tomé and Príncipe,-3,+3,1092,1634
2019-11-18,Spain,Romania,5,0,European Championship qualifier,Spain,+7,-7,2029,1701
2019-11-18,Sweden,Faroe Islands,3,0,European Championship qualifier,Sweden,+1,-1,1860,1226
2019-11-19,Bahrain,Iraq,0,0,World Cup and Asian Cup qualifier,Jordan,+6,-6,1507,1597
2019-11-19,Barbados,Cayman Islands,3,0,CONCACAF Nations League C,Barbados,+12,-12,1105,914
2019-11-19,Belgium,Cyprus,6,1,European Championship qualifier,Belgium,+1,-1,2084,1399
2019-11-19,Brazil,South Korea,3,0,Friendly,the United Arab Emirates,+5,-5,2082,1752
2019-11-19,Burundi,Morocco,0,3,African Nations Cup qualifier,Burundi,-13,+13,1274,1661
2019-11-19,Colombia,Ecuador,1,0,Friendly,the United States,+4,-4,1985,1726
2019-11-19,Croatia,Georgia,2,1,Friendly,Croatia,+1,-1,1921,1551
2019-11-19,El Salvador,Dominican Republic,2,0,CONCACAF Nations League B,El Salvador,+6,-6,1490,1182
2019-11-19,Equatorial Guinea,Tunisia,0,1,African Nations Cup qualifier,Equatorial Guinea,-10,+10,1300,1622
2019-11-19,Ethiopia,Ivory Coast,2,1,African Nations Cup qualifier,Ethiopia,+34,-34,1285,1617
2019-11-19,Germany,Northern Ireland,6,1,European Championship qualifier,Germany,+8,-8,1965,1679
2019-11-19,Hong Kong,Cambodia,2,0,World Cup and Asian Cup qualifier,Hong Kong,+4,-4,1184,837
2019-11-19,Japan,Venezuela,1,4,Friendly,Japan,-21,+21,1749,1830
2019-11-19,Jordan,Taiwan,5,0,World Cup and Asian Cup qualifier,Jordan,+2,-2,1475,942
2019-11-19,Kuwait,Nepal,1,0,World Cup and Asian Cup qualifier,Bhutan,+2,-2,1423,918
2019-11-19,Kyrgyzstan,Tajikistan,1,1,World Cup and Asian Cup qualifier,Kyrgyzstan,-8,+8,1270,1233
2019-11-19,Latvia,Austria,1,0,European Championship qualifier,Latvia,+37,-37,1254,1741
2019-11-19,Lebanon,North Korea,0,0,World Cup and Asian Cup qualifier,Lebanon,-8,+8,1404,1375
2019-11-19,Libya,Tanzania,2,1,African Nations Cup qualifier,Tunisia,+14,-14,1467,1323
2019-11-19,Malaysia,Indonesia,2,0,World Cup and Asian Cup qualifier,Malaysia,+18,-18,1202,1117
2019-11-19,Maldives,Guam,3,1,World Cup and Asian Cup qualifier,the Maldives,+9,-9,947,734
2019-11-19,Mauritania,Central African Republic,2,0,African Nations Cup qualifier,Mauritania,+22,-22,1383,1348
2019-11-19,Mexico,Bermuda,2,1,CONCACAF Nations League A,Mexico,+1,-1,1904,1300
2019-11-19,Montenegro,Belarus,2,0,Friendly,Montenegro,+10,-10,1523,1494
2019-11-19,Myanmar,Mongolia,1,0,World Cup and Asian Cup qualifier,Myanmar,+3,-3,1047,732
2019-11-19,Netherlands,Estonia,5,0,European Championship qualifier,the Netherlands,+2,-2,2018,1434
2019-11-19,Niger,Madagascar,2,6,African Nations Cup qualifier,Niger,-37,+37,1255,1432
2019-11-19,North Macedonia,Israel,1,0,European Championship qualifier,North Macedonia,+16,-16,1546,1538
2019-11-19,Oman,India,1,0,World Cup and Asian Cup qualifier,Oman,+3,-3,1517,1190
2019-11-19,Poland,Slovenia,3,2,European Championship qualifier,Poland,+6,-6,1790,1585
2019-11-19,Puerto Rico,Anguilla,3,0,CONCACAF Nations League C,Puerto Rico,+3,-3,973,548
2019-11-19,Qatar,Afghanistan,1,0,World Cup and Asian Cup qualifier,Tajikistan,+1,-1,1723,1136
2019-11-19,San Marino,Russia,0,5,European Championship qualifier,San Marino,-1,+1,821,1794
2019-11-19,Saudi Arabia,Paraguay,0,0,Friendly,Saudi Arabia,+4,-4,1519,1738
2019-11-19,Scotland,Kazakhstan,3,1,European Championship qualifier,Scotland,+6,-6,1641,1361
2019-11-19,Singapore,Yemen,2,1,World Cup and Asian Cup qualifier,Bahrain,+25,-25,1160,1206
2019-11-19,Slovakia,Azerbaijan,2,0,European Championship qualifier,Slovakia,+4,-4,1734,1376
2019-11-19,Saint Lucia,Montserrat,0,1,CONCACAF Nations League B,Saint Lucia,-35,+35,1036,861
2019-11-19,Syria,Philippines,1,0,World Cup and Asian Cup qualifier,the United Arab Emirates,+5,-5,1483,1152
2019-11-19,Turkmenistan,Sri Lanka,2,0,World Cup and Asian Cup qualifier,Turkmenistan,+1,-1,1264,671
2019-11-19,United States,Cuba,4,0,CONCACAF Nations League A,the Cayman Islands,+5,-5,1721,1269
2019-11-19,US Virgin Islands,Saint Martin,1,2,CONCACAF Nations League C,the US Virgin Islands,-19,+19,706,854
2019-11-19,Uzbekistan,Palestine,2,0,World Cup and Asian Cup qualifier,Uzbekistan,+10,-10,1579,1381
2019-11-19,Vietnam,Thailand,0,0,World Cup and Asian Cup qualifier,Vietnam,-9,+9,1408,1357
2019-11-19,Wales,Hungary,2,0,European Championship qualifier,Wales,+12,-12,1783,1619
2019-11-19,Zambia,Zimbabwe,1,2,African Nations Cup qualifier,Zambia,-29,+29,1429,1412
2019-11-21,Guatemala,Antigua and Barbuda,8,0,Friendly,Guatemala,+4,-4,1502,1158
2019-11-26,Qatar,Iraq,1,2,Gulf Cup,Qatar,-31,+31,1692,1628
2019-11-26,United Arab Emirates,Yemen,3,0,Gulf Cup,Qatar,+13,-13,1475,1193
2019-11-27,Bahrain,Oman,0,0,Gulf Cup,Qatar,+1,-1,1508,1516
2019-11-27,Kuwait,Saudi Arabia,3,1,Gulf Cup,Qatar,+38,-38,1461,1481
2019-11-29,Iraq,United Arab Emirates,2,0,Gulf Cup,Qatar,+18,-18,1646,1457
2019-11-29,Qatar,Yemen,6,0,Gulf Cup,Qatar,+3,-3,1695,1190
2019-11-30,Oman,Kuwait,2,1,Gulf Cup,Qatar,+17,-17,1533,1444
2019-11-30,Saudi Arabia,Bahrain,2,0,Gulf Cup,Qatar,+32,-32,1513,1476
2019-12-02,Bahrain,Kuwait,4,2,Gulf Cup,Qatar,+27,-27,1503,1417
2019-12-02,Iraq,Yemen,0,0,Gulf Cup,Qatar,-17,+17,1629,1207
2019-12-02,Qatar,United Arab Emirates,4,2,Gulf Cup,Qatar,+8,-8,1703,1449
2019-12-02,Saudi Arabia,Oman,3,1,Gulf Cup,Qatar,+32,-32,1545,1501
2019-12-05,Bahrain,Iraq,2,2,Gulf Cup,Qatar,+7,-7,1510,1622
2019-12-05,Qatar,Saudi Arabia,0,1,Gulf Cup,Qatar,-33,+33,1670,1578
2019-12-07,Djibouti,Somalia,0,0,CECAFA Cup,Uganda,-1,+1,885,877
2019-12-07,Uganda,Burundi,2,1,CECAFA Cup,Uganda,+5,-5,1504,1269
2019-12-08,Bahrain,Saudi Arabia,1,0,Gulf Cup,Qatar,+24,-24,1534,1554
2019-12-08,Kenya,Tanzania,1,0,CECAFA Cup,Uganda,+17,-17,1394,1306
2019-12-08,Sudan,Zanzibar,1,1,CECAFA Cup,Uganda,+5,-5,1281,1367
2019-12-09,Eritrea,Burundi,1,0,CECAFA Cup,Uganda,+31,-31,1091,1238
2019-12-09,Uganda,Somalia,2,0,CECAFA Cup,Uganda,+1,-1,1505,876
2019-12-10,Japan,China,2,1,East Asian Championship,South Korea,+6,-6,1755,1454
2019-12-10,Kenya,Sudan,2,1,CECAFA Cup,Uganda,+14,-14,1408,1267
2019-12-10,Tanzania,Zanzibar,1,0,CECAFA Cup,Uganda,+23,-23,1329,1344
2019-12-11,Djibouti,Burundi,2,1,CECAFA Cup,Uganda,+35,-35,920,1203
2019-12-11,South Korea,Hong Kong,2,0,East Asian Championship,South Korea,+1,-1,1753,1183
2019-12-11,Uganda,Eritrea,2,0,CECAFA Cup,Uganda,+3,-3,1508,1088
2019-12-13,Eritrea,Djibouti,3,0,CECAFA Cup,Uganda,+19,-19,1107,901
2019-12-13,Somalia,Burundi,1,0,CECAFA Cup,Uganda,+35,-35,911,1168
2019-12-14,Japan,Hong Kong,5,0,East Asian Championship,South Korea,+3,-3,1758,1180
2019-12-14,Kenya,Zanzibar,1,0,CECAFA Cup,Uganda,+16,-16,1424,1328
2019-12-14,Sudan,Tanzania,0,0,CECAFA Cup,Uganda,+4,-4,1271,1325
2019-12-15,Eritrea,Somalia,0,0,CECAFA Cup,Uganda,-10,+10,1097,921
2019-12-15,South Korea,China,1,0,East Asian Championship,South Korea,+4,-4,1757,1450
2019-12-15,Uganda,Djibouti,4,1,CECAFA Cup,Uganda,+1,-1,1509,900
2019-12-17,Eritrea,Kenya,4,1,CECAFA Cup,Uganda,+61,-61,1158,1363
2019-12-17,Uganda,Tanzania,1,0,CECAFA Cup,Uganda,+7,-7,1516,1318
2019-12-18,China,Hong Kong,2,0,East Asian Championship,South Korea,+10,-10,1460,1170
2019-12-18,South Korea,Japan,1,0,East Asian Championship,South Korea,+14,-14,1771,1744
2019-12-19,Kenya,Tanzania,2,1,CECAFA Cup,Uganda,+17,-17,1380,1301
2019-12-19,Uganda,Eritrea,3,0,CECAFA Cup,Uganda,+5,-5,1521,1153
