Date,TeamA,TeamB,ScoreA,ScoreB,Tournament,Location,RatingChangeA,RatingChangeB,NewRatingA,NewRatingB
2018-01-02,Iraq,United Arab Emirates,0,0,Gulf Cup,Kuwait,-1,+1,1569,1561
2018-01-02,Oman,Bahrain,1,0,Gulf Cup,Kuwait,+15,-15,1527,1403
2018-01-05,Oman,United Arab Emirates,0,0,Gulf Cup,Kuwait,+2,-2,1529,1559
2018-01-07,Estonia,Sweden,1,1,Friendly,the United Arab Emirates,+7,-7,1514,1818
2018-01-11,Finland,Jordan,2,1,Friendly,the United Arab Emirates,+7,-7,1602,1473
2018-01-14,Indonesia,Iceland,1,4,Friendly,Indonesia,-2,+2,1232,1813
2018-01-27,South Korea,Moldova,1,0,Friendly,Turkey,+2,-2,1762,1328
2018-01-28,United States,Bosnia and Herzegovina,0,0,Friendly,the United States,-4,+4,1747,1727
2018-01-30,Azerbaijan,Moldova,0,0,Friendly,Turkey,-2,+2,1398,1330
2018-01-30,Jamaica,South Korea,2,2,Friendly,Turkey,+5,-5,1570,1757
2018-01-31,Mexico,Bosnia and Herzegovina,1,0,Friendly,the United States,+7,-7,1855,1720
2018-02-03,South Korea,Latvia,1,0,Friendly,Turkey,+2,-2,1759,1360
2018-02-26,Saudi Arabia,Moldova,3,0,Friendly,Saudi Arabia,+4,-4,1572,1326
2018-02-28,Iraq,Saudi Arabia,4,1,Friendly,Iraq,+13,-13,1582,1559
2018-03-17,Iran,Sierra Leone,4,0,Friendly,Iran,+2,-2,1802,1377
2018-03-20,Tahiti,New Caledonia,0,0,Friendly,Tahiti,-3,+3,1215,1212
2018-03-21,Andorra,Liechtenstein,1,0,Friendly,Spain,+14,-14,1026,1155
2018-03-21,Angola,South Africa,1,1,Friendly tournament,Zambia,+11,-11,1252,1534
2018-03-21,Antigua and Barbuda,Bermuda,3,2,Friendly,Antigua and Barbuda,+7,-7,1210,1190
2018-03-21,Iraq,Qatar,2,3,Friendly tournament,Iraq,-23,+23,1559,1487
2018-03-21,Jordan,Kuwait,1,0,Friendly,Jordan,+6,-6,1479,1415
2018-03-21,Laos,Cambodia,0,1,Friendly,Laos,-12,+12,771,823
2018-03-21,Madagascar,Togo,0,0,Friendly,France,0,0,1368,1383
2018-03-21,Zambia,Zimbabwe,2,2,Friendly tournament,Zambia,-5,+5,1496,1477
2018-03-22,Algeria,Tanzania,4,1,Friendly,Algeria,+4,-4,1542,1296
2018-03-22,Bahrain,Palestine,0,0,Friendly,Bahrain,-3,+3,1400,1405
2018-03-22,Belize,Grenada,4,2,Friendly,Belize,+9,-9,1168,1102
2018-03-22,Burkina Faso,Guinea-Bissau,2,0,Friendly,France,+4,-4,1610,1287
2018-03-22,China,Wales,0,6,Friendly tournament,China,-23,+23,1542,1786
2018-03-22,Denmark,Panama,1,0,Friendly,Denmark,+4,-4,1844,1667
2018-03-22,Dominican Republic,Turks and Caicos Islands,4,0,Friendly,the Dominican Republic,+1,-1,1250,762
2018-03-22,Faroe Islands,Latvia,1,1,Friendly,Spain,+2,-2,1283,1358
2018-03-22,Kyrgyzstan,Myanmar,5,1,Asian Cup qualifier,South Korea,+26,-26,1233,1067
2018-03-22,Macao,Mauritius,0,1,Friendly,Macao,-3,+3,677,1071
2018-03-22,Malaysia,Mongolia,2,2,Friendly,Malaysia,-9,+9,1053,662
2018-03-22,Malta,Luxembourg,0,1,Friendly,Malta,-10,+10,1206,1332
2018-03-22,Nicaragua,Cuba,3,1,Friendly,Nicaragua,+12,-12,1279,1296
2018-03-22,Philippines,Fiji,3,2,Friendly,the Philippines,+10,-10,1169,1245
2018-03-22,Slovakia,United Arab Emirates,2,1,King's Cup,Thailand,+8,-8,1756,1551
2018-03-22,Thailand,Gabon,0,0,King's Cup,Thailand,-4,+4,1401,1419
2018-03-23,Argentina,Italy,2,0,Friendly,England,+12,-12,1996,1894
2018-03-23,Austria,Slovenia,3,0,Friendly,Austria,+10,-10,1719,1629
2018-03-23,Azerbaijan,Belarus,0,1,Friendly,Azerbaijan,-10,+10,1388,1508
2018-03-23,Bulgaria,Bosnia and Herzegovina,0,1,Friendly,Bulgaria,-10,+10,1610,1730
2018-03-23,Curaçao,Bolivia,1,1,Friendly,Curaçao,+8,-8,1276,1700
2018-03-23,Cyprus,Montenegro,0,0,Friendly,Cyprus,+3,-3,1413,1609
2018-03-23,Finland,Macedonia,0,0,Friendly,Turkey,-2,+2,1600,1521
2018-03-23,France,Colombia,2,3,Friendly,France,-14,+14,1975,1941
2018-03-23,Gambia,Central African Republic,1,1,Friendly,The Gambia,-2,+2,1275,1299
2018-03-23,Germany,Spain,1,1,Friendly,Germany,-5,+5,2104,2036
2018-03-23,Greece,Switzerland,0,1,Friendly,Greece,-7,+7,1654,1873
2018-03-23,Guadeloupe,Trinidad and Tobago,0,1,Friendly,Guadeloupe,-8,+8,1258,1427
2018-03-23,Hungary,Kazakhstan,2,3,Friendly,Hungary,-18,+18,1594,1358
2018-03-23,Japan,Mali,1,1,Friendly,Belgium,-5,+5,1701,1519
2018-03-23,Mexico,Iceland,3,0,Friendly,the United States,+15,-15,1870,1798
2018-03-23,Morocco,Serbia,2,1,Friendly,Italy,+12,-12,1703,1758
2018-03-23,Netherlands,England,0,1,Friendly,the Netherlands,-12,+12,1884,1945
2018-03-23,Norway,Australia,4,1,Friendly,Norway,+20,-20,1600,1707
2018-03-23,Peru,Croatia,2,0,Friendly,the United States,+14,-14,1896,1842
2018-03-23,Poland,Nigeria,0,1,Friendly,Poland,-16,+16,1826,1715
2018-03-23,Portugal,Egypt,2,1,Friendly,Switzerland,+3,-3,1997,1654
2018-03-23,Russia,Brazil,0,3,Friendly,Russia,-5,+5,1693,2119
2018-03-23,Saudi Arabia,Ukraine,1,1,Friendly,Spain,+5,-5,1564,1733
2018-03-23,Scotland,Costa Rica,0,1,Friendly,Scotland,-12,+12,1709,1757
2018-03-23,Senegal,Uzbekistan,1,1,Friendly,Morocco,-4,+4,1746,1614
2018-03-23,Singapore,Maldives,3,2,Friendly,Singapore,+4,-4,1062,935
2018-03-23,Tahiti,New Caledonia,4,3,Friendly,Tahiti,+7,-7,1222,1205
2018-03-23,Tunisia,Iran,1,0,Friendly,Tunisia,+12,-12,1635,1790
2018-03-23,Turkey,Ireland,1,0,Friendly,Turkey,+8,-8,1720,1723
2018-03-23,Uruguay,Czechia,2,0,Friendly tournament,China,+13,-13,1879,1700
2018-03-24,Angola,Zimbabwe,2,2,Friendly tournament,Zambia,+9,-9,1261,1468
2018-03-24,Armenia,Estonia,0,0,Friendly,Armenia,-2,+2,1479,1516
2018-03-24,Botswana,Lesotho,1,0,Friendly,Botswana,+8,-8,1261,1262
2018-03-24,Canada,New Zealand,1,0,Friendly,Spain,+10,-10,1535,1514
2018-03-24,Georgia,Lithuania,4,0,Friendly,Georgia,+10,-10,1492,1397
2018-03-24,Israel,Romania,1,2,Friendly,Israel,-8,+8,1526,1696
2018-03-24,Ivory Coast,Togo,2,2,Friendly,France,-6,+6,1597,1389
2018-03-24,Kenya,Comoros,2,2,Friendly,Morocco,-8,+8,1389,1049
2018-03-24,Kosovo,Madagascar,1,0,Friendly,France,+10,-10,1381,1358
2018-03-24,Mauritania,Guinea,2,0,Friendly,Mauritania,+18,-18,1319,1454
2018-03-24,Northern Ireland,South Korea,2,1,Friendly,Northern Ireland,+10,-10,1685,1749
2018-03-24,Qatar,Syria,2,2,Friendly tournament,Iraq,+5,-5,1492,1605
2018-03-24,Sweden,Chile,1,2,Friendly,Sweden,-12,+12,1806,1872
2018-03-24,Uganda,São Tomé and Príncipe,3,1,Friendly,Uganda,+2,-2,1463,1076
2018-03-24,Zambia,South Africa,0,2,Friendly tournament,Zambia,-26,+26,1470,1560
2018-03-25,Barbados,Bermuda,0,0,Friendly,Barbados,-1,+1,1137,1191
2018-03-25,Congo,Guinea-Bissau,2,0,Friendly,France,+11,-11,1393,1276
2018-03-25,Dominican Republic,Saint Kitts and Nevis,2,1,Friendly,the Dominican Republic,+7,-7,1257,1248
2018-03-25,Faroe Islands,Liechtenstein,3,0,Friendly,Spain,+11,-11,1294,1144
2018-03-25,Gabon,United Arab Emirates,1,0,King's Cup,Thailand,+20,-20,1439,1531
2018-03-25,Gibraltar,Latvia,1,0,Friendly,Gibraltar,+15,-15,1094,1343
2018-03-25,Jamaica,Antigua and Barbuda,1,1,Friendly,Jamaica,-9,+9,1561,1219
2018-03-25,Kuwait,Cameroon,1,3,Friendly,Kuwait,-10,+10,1405,1655
2018-03-25,Martinique,Trinidad and Tobago,0,0,Friendly,Martinique,-3,+3,1422,1430
2018-03-25,Nicaragua,Cuba,3,3,Friendly,Nicaragua,-2,+2,1277,1298
2018-03-25,Thailand,Slovakia,2,3,King's Cup,Thailand,-6,+6,1395,1762
2018-03-26,Albania,Norway,0,1,Friendly,Albania,-13,+13,1595,1613
2018-03-26,Bulgaria,Kazakhstan,2,1,Friendly,Hungary,+4,-4,1614,1354
2018-03-26,China,Czechia,1,4,Friendly tournament,China,-22,+22,1520,1722
2018-03-26,Curaçao,Bolivia,1,0,Friendly,Curaçao,+17,-17,1293,1683
2018-03-26,Finland,Malta,5,0,Friendly,Turkey,+4,-4,1604,1202
2018-03-26,Netherlands,Portugal,3,0,Friendly,Switzerland,+23,-23,1907,1974
2018-03-26,Uruguay,Wales,1,0,Friendly tournament,China,+11,-11,1890,1775
2018-03-27,Afghanistan,Cambodia,2,1,Asian Cup qualifier,Tajikistan,+5,-5,1154,818
2018-03-27,Armenia,Lithuania,0,1,Friendly,Armenia,-15,+15,1464,1412
2018-03-27,Australia,Colombia,0,0,Friendly,England,+6,-6,1713,1935
2018-03-27,Azerbaijan,Macedonia,1,1,Friendly,Turkey,+4,-4,1392,1517
2018-03-27,Bahrain,Turkmenistan,4,0,Asian Cup qualifier,Bahrain,+15,-15,1415,1237
2018-03-27,Belgium,Saudi Arabia,4,0,Friendly,Belgium,+2,-2,1929,1562
2018-03-27,Bosnia and Herzegovina,Senegal,0,0,Friendly,France,0,0,1730,1746
2018-03-27,Central African Republic,Kenya,3,2,Friendly,Morocco,+13,-13,1312,1376
2018-03-27,Croatia,Mexico,1,0,Friendly,the United States,+11,-11,1853,1859
2018-03-27,Denmark,Chile,0,0,Friendly,Denmark,-2,+2,1842,1874
2018-03-27,England,Italy,1,1,Friendly,England,-4,+4,1941,1898
2018-03-27,Georgia,Estonia,2,0,Friendly,Georgia,+12,-12,1504,1504
2018-03-27,Germany,Brazil,0,1,Friendly,Germany,-12,+12,2092,2131
2018-03-27,Greece,Egypt,1,0,Friendly,Switzerland,+10,-10,1664,1644
2018-03-27,Hungary,Scotland,0,1,Friendly,Hungary,-10,+10,1584,1719
2018-03-27,Iran,Algeria,2,1,Friendly,Austria,+4,-4,1794,1538
2018-03-27,Iraq,Syria,1,1,Friendly tournament,Iraq,-2,+2,1557,1607
2018-03-27,Ivory Coast,Moldova,2,1,Friendly,France,+3,-3,1600,1323
2018-03-27,Jordan,Vietnam,1,1,Asian Cup qualifier,Jordan,-14,+14,1465,1285
2018-03-27,Kosovo,Burkina Faso,2,0,Friendly,France,+24,-24,1405,1586
2018-03-27,Kyrgyzstan,India,2,1,Asian Cup qualifier,Kyrgyzstan,+11,-11,1244,1148
2018-03-27,Laos,Bangladesh,2,2,Friendly,Laos,-2,+2,769,805
2018-03-27,Lebanon,Malaysia,2,1,Asian Cup qualifier,Lebanon,+2,-2,1453,1051
2018-03-27,Luxembourg,Austria,0,4,Friendly,Luxembourg,-6,+6,1326,1725
2018-03-27,Maldives,Bhutan,7,0,Asian Cup qualifier,the Maldives,+7,-7,942,585
2018-03-27,Mongolia,Mauritius,0,2,Friendly,Mongolia,-4,+4,658,1075
2018-03-27,Montenegro,Turkey,2,2,Friendly,Montenegro,0,0,1609,1720
2018-03-27,Morocco,Uzbekistan,2,0,Friendly,Morocco,+8,-8,1711,1606
2018-03-27,Myanmar,Macao,1,0,Asian Cup qualifier,Myanmar,+2,-2,1069,675
2018-03-27,Namibia,Lesotho,2,1,Friendly,Namibia,+4,-4,1381,1258
2018-03-27,North Korea,Hong Kong,2,0,Asian Cup qualifier,North Korea,+7,-7,1456,1183
2018-03-27,Oman,Palestine,1,0,Asian Cup qualifier,Oman,+9,-9,1538,1396
2018-03-27,Peru,Iceland,3,1,Friendly,the United States,+11,-11,1907,1787
2018-03-27,Philippines,Tajikistan,2,1,Asian Cup qualifier,the Philippines,+17,-17,1186,1196
2018-03-27,Poland,South Korea,3,2,Friendly,Poland,+5,-5,1831,1744
2018-03-27,Romania,Sweden,1,0,Friendly,Romania,+10,-10,1706,1796
2018-03-27,Russia,France,1,3,Friendly,Russia,-8,+8,1685,1983
2018-03-27,Serbia,Nigeria,2,0,Friendly,England,+13,-13,1771,1702
2018-03-27,Seychelles,Swaziland,0,0,Friendly,the Seychelles,+6,-6,946,1290
2018-03-27,Slovenia,Belarus,0,2,Friendly,Slovenia,-23,+23,1606,1531
2018-03-27,Spain,Argentina,6,1,Friendly,Spain,+12,-12,2048,1984
2018-03-27,Switzerland,Panama,6,0,Friendly,Switzerland,+6,-6,1879,1661
2018-03-27,Taiwan,Singapore,1,0,Asian Cup qualifier,Taiwan,+19,-19,996,1043
2018-03-27,Tanzania,Democratic Republic of Congo,2,0,Friendly,Tanzania,+23,-23,1319,1583
2018-03-27,Tunisia,Costa Rica,1,0,Friendly,France,+13,-13,1648,1744
2018-03-27,Uganda,Malawi,0,0,Friendly,Uganda,-6,+6,1457,1310
2018-03-27,Ukraine,Japan,2,1,Friendly,Belgium,+9,-9,1742,1692
2018-03-27,United States,Paraguay,1,0,Friendly,the United States,+7,-7,1754,1746
2018-03-27,Yemen,Nepal,2,1,Asian Cup qualifier,Qatar,+6,-6,1194,895
2018-04-01,Antigua and Barbuda,Dominica,0,0,Friendly,Antigua and Barbuda,-7,+7,1212,1011
2018-04-01,Malaysia,Bhutan,7,0,Friendly,Malaysia,+2,-2,1053,583
2018-04-17,Trinidad and Tobago,Panama,0,1,Friendly,Trinidad and Tobago,-6,+6,1424,1667
2018-04-18,Zimbabwe,Botswana,0,1,Friendly,Zimbabwe,-17,+17,1451,1278
2018-04-19,Eswatini,Namibia,1,0,Friendly,Eswatini,+10,-10,1300,1371
2018-04-26,Saint Kitts and Nevis,Jamaica,1,3,Friendly,Saint Kitts and Nevis,-7,+7,1241,1568
2018-04-29,Antigua and Barbuda,Jamaica,0,2,Friendly,Antigua and Barbuda,-6,+6,1206,1574
2018-04-29,Saint Barthélemy,Saint Martin,3,1,Friendly,Saint Barthélemy,+18,-18,712,848
2018-05-08,Iraq,Palestine,0,0,Friendly,Iraq,-6,+6,1551,1402
2018-05-09,Saudi Arabia,Algeria,2,0,Friendly,Spain,+14,-14,1576,1524
2018-05-11,Kuwait,Palestine,2,0,Friendly,Kuwait,+11,-11,1416,1391
2018-05-15,Saudi Arabia,Greece,2,0,Friendly,Spain,+19,-19,1595,1645
2018-05-19,Iran,Uzbekistan,1,0,Friendly,Iran,+3,-3,1797,1603
2018-05-20,Jordan,Cyprus,3,0,Friendly,Jordan,+10,-10,1475,1403
2018-05-25,Kenya,Eswatini,0,1,Friendly,Kenya,-15,+15,1361,1315
2018-05-25,Kuwait,Egypt,1,1,Friendly,Kuwait,+4,-4,1420,1640
2018-05-26,China,Myanmar,1,0,Friendly,China,+1,-1,1521,1068
2018-05-26,Saint Barthélemy,Sint Maarten,5,3,Friendly,Saint Barthélemy,+18,-18,730,862
2018-05-27,Burkina Faso,Cameroon,1,0,Friendly,France,+12,-12,1598,1643
2018-05-27,Comoros,Seychelles,1,1,COSAFA Cup,South Africa,-6,+6,1043,952
2018-05-27,Madagascar,Mozambique,2,1,COSAFA Cup,South Africa,+18,-18,1376,1297
2018-05-27,Niger,Central African Republic,3,3,Friendly tournament,Niger,-4,+4,1292,1316
2018-05-28,Bosnia and Herzegovina,Montenegro,0,0,Friendly,Bosnia and Herzegovina,-6,+6,1724,1615
2018-05-28,Botswana,Angola,2,1,COSAFA Cup,South Africa,+19,-19,1297,1242
2018-05-28,France,Ireland,2,0,Friendly,France,+3,-3,1986,1720
2018-05-28,Italy,Saudi Arabia,2,1,Friendly,Switzerland,+3,-3,1901,1592
2018-05-28,Kenya,Equatorial Guinea,1,0,Friendly,Kenya,+6,-6,1367,1326
2018-05-28,Mauritius,Malawi,1,0,COSAFA Cup,South Africa,+32,-32,1107,1278
2018-05-28,Mexico,Wales,0,0,Friendly,the United States,-2,+2,1857,1777
2018-05-28,Nigeria,Democratic Republic of Congo,1,1,Friendly,Nigeria,-6,+6,1696,1589
2018-05-28,Portugal,Tunisia,2,2,Friendly,Portugal,-8,+8,1966,1656
2018-05-28,South Korea,Honduras,2,0,Friendly,South Korea,+6,-6,1750,1604
2018-05-28,Turkey,Iran,2,1,Friendly,Turkey,+9,-9,1729,1788
2018-05-28,United States,Bolivia,3,0,Friendly,the United States,+10,-10,1764,1673
2018-05-29,Argentina,Haiti,4,0,Friendly,Argentina,+1,-1,1985,1493
2018-05-29,Armenia,Malta,1,1,Friendly,Austria,-6,+6,1458,1208
2018-05-29,Azerbaijan,Kyrgyzstan,3,0,Friendly,Azerbaijan,+7,-7,1399,1237
2018-05-29,Kosovo,Albania,3,0,Friendly,Switzerland,+26,-26,1431,1569
2018-05-29,Madagascar,Seychelles,1,1,COSAFA Cup,South Africa,-17,+17,1359,969
2018-05-29,Mozambique,Comoros,3,0,COSAFA Cup,South Africa,+13,-13,1310,1030
2018-05-29,Panama,Northern Ireland,0,0,Friendly,Panama,-2,+2,1665,1687
2018-05-29,Peru,Scotland,2,0,Friendly,Peru,+5,-5,1912,1714
2018-05-30,Angola,Mauritius,1,0,COSAFA Cup,South Africa,+13,-13,1255,1094
2018-05-30,Austria,Russia,1,0,Friendly,Austria,+6,-6,1731,1679
2018-05-30,Botswana,Malawi,1,1,COSAFA Cup,South Africa,-1,+1,1296,1279
2018-05-30,Central African Republic,Uganda,1,0,Friendly tournament,Niger,+21,-21,1337,1436
2018-05-30,Estonia,Lithuania,2,0,Baltic Cup,Estonia,+11,-11,1515,1401
2018-05-30,Japan,Ghana,0,2,Friendly,Japan,-22,+22,1670,1639
2018-05-31,Luxembourg,Senegal,0,0,Friendly,Luxembourg,+7,-7,1333,1739
2018-05-31,Madagascar,Comoros,1,0,COSAFA Cup,South Africa,+5,-5,1364,1025
2018-05-31,Morocco,Ukraine,0,0,Friendly,Switzerland,+1,-1,1712,1741
2018-05-31,Mozambique,Seychelles,2,1,COSAFA Cup,South Africa,+5,-5,1315,964
2018-05-31,Romania,Chile,3,2,Friendly,Austria,+14,-14,1720,1860
2018-05-31,Slovakia,Netherlands,1,1,Friendly,Slovakia,+1,-1,1763,1906
2018-06-01,Algeria,Cape Verde,2,3,Friendly,Algeria,-15,+15,1509,1443
2018-06-01,Angola,Malawi,0,0,COSAFA Cup,South Africa,+1,-1,1256,1278
2018-06-01,Australia,Czechia,4,0,Friendly,Austria,+19,-19,1732,1703
2018-06-01,Botswana,Mauritius,6,0,COSAFA Cup,South Africa,+20,-20,1316,1074
2018-06-01,Colombia,Egypt,0,0,Friendly,Italy,-7,+7,1928,1647
2018-06-01,France,Italy,3,1,Friendly,France,+8,-8,1994,1893
2018-06-01,Georgia,Malta,1,0,Friendly,Austria,+3,-3,1507,1205
2018-06-01,India,Taiwan,5,0,Friendly tournament,India,+11,-11,1159,985
2018-06-01,South Korea,Bosnia and Herzegovina,1,3,Friendly,South Korea,-20,+20,1730,1744
2018-06-01,Tunisia,Turkey,2,2,Friendly,Switzerland,+2,-2,1658,1727
2018-06-02,Austria,Germany,2,1,Friendly,Austria,+16,-16,1747,2076
2018-06-02,Belgium,Portugal,0,0,Friendly,Belgium,-2,+2,1927,1968
2018-06-02,El Salvador,Honduras,1,0,Friendly,the United States,+14,-14,1471,1590
2018-06-02,England,Nigeria,2,1,Friendly,England,+2,-2,1943,1694
2018-06-02,Iceland,Norway,2,3,Friendly,Iceland,-17,+17,1770,1630
2018-06-02,Ireland,United States,2,1,Friendly,Ireland,+8,-8,1728,1756
2018-06-02,Kenya,New Zealand,2,1,Friendly tournament,India,+21,-21,1388,1493
2018-06-02,Latvia,Estonia,1,0,Baltic Cup,Latvia,+18,-18,1361,1497
2018-06-02,Lesotho,Eswatini,1,0,COSAFA Cup,South Africa,+23,-23,1281,1292
2018-06-02,Mexico,Scotland,1,0,Friendly,Mexico,+4,-4,1861,1710
2018-06-02,Montenegro,Slovenia,0,2,Friendly,Montenegro,-20,+20,1595,1626
2018-06-02,Namibia,Zambia,0,0,COSAFA Cup,South Africa,+6,-6,1377,1464
2018-06-02,Niger,Uganda,2,1,Friendly tournament,Niger,+17,-17,1309,1419
2018-06-02,Northern Cyprus,Tibet,3,1,World Football Cup,England,+1,-1,1457,630
2018-06-02,Sweden,Denmark,0,0,Friendly,Sweden,-2,+2,1794,1844
2018-06-02,Thailand,China,0,2,Friendly,Thailand,-14,+14,1381,1535
2018-06-03,Andorra,Cape Verde,0,0,Friendly,Portugal,+8,-8,1034,1435
2018-06-03,Barbados,Belize,0,0,Friendly,Barbados,-2,+2,1135,1170
2018-06-03,Botswana,Zimbabwe,1,1,COSAFA Cup,South Africa,+7,-7,1323,1444
2018-06-03,Brazil,Croatia,2,0,Friendly,England,+5,-5,2136,1848
2018-06-03,Costa Rica,Northern Ireland,3,0,Friendly,Costa Rica,+10,-10,1754,1677
2018-06-03,Peru,Saudi Arabia,3,0,Friendly,Switzerland,+5,-5,1917,1587
2018-06-03,South Africa,Madagascar,0,0,COSAFA Cup,South Africa,-14,+14,1546,1378
2018-06-03,Spain,Switzerland,1,1,Friendly,Spain,-6,+6,2042,1885
2018-06-03,Ukraine,Albania,4,1,Friendly,France,+9,-9,1750,1560
2018-06-04,Armenia,Moldova,0,0,Friendly,Austria,-4,+4,1454,1327
2018-06-04,Chile,Serbia,1,0,Friendly,Austria,+7,-7,1867,1764
2018-06-04,India,Kenya,3,0,Friendly tournament,India,+36,-36,1195,1352
2018-06-04,Italy,Netherlands,1,1,Friendly,Italy,-2,+2,1891,1908
2018-06-04,Morocco,Slovakia,2,1,Friendly,Switzerland,+11,-11,1723,1752
2018-06-05,Botswana,Eswatini,2,0,COSAFA Cup,South Africa,+27,-27,1350,1265
2018-06-05,Kazakhstan,Azerbaijan,3,0,Friendly,Kazakhstan,+15,-15,1369,1384
2018-06-05,Lithuania,Latvia,1,1,Baltic Cup,Lithuania,-6,+6,1395,1367
2018-06-05,Luxembourg,Georgia,1,0,Friendly,Luxembourg,+12,-12,1345,1495
2018-06-05,Martinique,French Guiana,3,0,Friendly tournament,Martinique,+16,-16,1438,1359
2018-06-05,New Zealand,Taiwan,1,0,Friendly tournament,India,+2,-2,1495,983
2018-06-05,Romania,Finland,2,0,Friendly,Romania,+7,-7,1727,1597
2018-06-05,Russia,Turkey,1,1,Friendly,Russia,-1,+1,1678,1728
2018-06-05,South Africa,Namibia,4,1,COSAFA Cup,South Africa,+12,-12,1558,1365
2018-06-06,Belarus,Hungary,1,1,Friendly,Belarus,-1,+1,1530,1585
2018-06-06,Belgium,Egypt,3,0,Friendly,Belgium,+4,-4,1931,1643
2018-06-06,Czechia,Nigeria,1,0,Friendly,Austria,+10,-10,1713,1684
2018-06-06,Lesotho,Zimbabwe,0,0,COSAFA Cup,South Africa,+9,-9,1290,1435
2018-06-06,Norway,Panama,1,0,Friendly,Norway,+8,-8,1638,1657
2018-06-06,Zambia,Madagascar,1,0,COSAFA Cup,South Africa,+15,-15,1479,1363
2018-06-07,Bolivia,South Korea,0,0,Friendly,Austria,+2,-2,1675,1728
2018-06-07,England,Costa Rica,2,0,Friendly,England,+5,-5,1948,1749
2018-06-07,French Guiana,Guadeloupe,2,0,Friendly tournament,Martinique,+16,-16,1375,1242
2018-06-07,Iceland,Ghana,2,2,Friendly,Iceland,-6,+6,1764,1645
2018-06-07,India,New Zealand,1,2,Friendly tournament,India,-7,+7,1188,1502
2018-06-07,Portugal,Algeria,3,0,Friendly,Portugal,+1,-1,1969,1508
2018-06-07,Uruguay,Uzbekistan,3,0,Friendly,Uruguay,+3,-3,1893,1600
2018-06-08,Croatia,Senegal,2,1,Friendly,Croatia,+5,-5,1853,1734
2018-06-08,Germany,Saudi Arabia,2,1,Friendly,Germany,+1,-1,2077,1586
2018-06-08,Iran,Lithuania,1,0,Friendly,Russia,+2,-2,1790,1393
2018-06-08,Kenya,Taiwan,4,0,Friendly tournament,India,+6,-6,1358,977
2018-06-08,Lesotho,Madagascar,1,0,COSAFA Cup,South Africa,+24,-24,1314,1339
2018-06-08,Poland,Chile,2,2,Friendly,Poland,-2,+2,1829,1869
2018-06-08,South Africa,Botswana,3,0,COSAFA Cup,South Africa,+10,-10,1568,1340
2018-06-08,Switzerland,Japan,2,0,Friendly,Switzerland,+4,-4,1889,1666
2018-06-09,Denmark,Mexico,2,0,Friendly,Denmark,+11,-11,1855,1850
2018-06-09,Estonia,Morocco,1,3,Friendly,Estonia,-10,+10,1487,1733
2018-06-09,Finland,Belarus,2,0,Friendly,Finland,+8,-8,1605,1522
2018-06-09,France,United States,1,1,Friendly,France,-7,+7,1987,1763
2018-06-09,Hungary,Australia,1,2,Friendly,Hungary,-9,+9,1576,1741
2018-06-09,Latvia,Azerbaijan,1,3,Friendly,Latvia,-19,+19,1348,1403
2018-06-09,Serbia,Bolivia,5,1,Friendly,Austria,+14,-14,1778,1661
2018-06-09,Spain,Tunisia,1,0,Friendly,Russia,+2,-2,2044,1656
2018-06-09,Sweden,Peru,0,0,Friendly,Sweden,+1,-1,1795,1916
2018-06-09,Tuvalu,Chagos Islands,6,1,Friendly,England,+22,-22,779,776
2018-06-09,Zimbabwe,Zambia,4,2,COSAFA Cup,South Africa,+34,-34,1469,1445
2018-06-10,Austria,Brazil,0,3,Friendly,Austria,-6,+6,1741,2142
2018-06-10,India,Kenya,2,0,Friendly tournament,India,+27,-27,1215,1331
2018-06-11,Belgium,Costa Rica,4,1,Friendly,Belgium,+6,-6,1937,1743
2018-06-11,Senegal,South Korea,2,0,Friendly,Austria,+15,-15,1749,1713
2018-06-12,Japan,Paraguay,4,2,Friendly,Austria,+18,-18,1684,1728
2018-06-12,Poland,Lithuania,4,0,Friendly,Poland,+2,-2,1831,1391
2018-06-14,Russia,Saudi Arabia,5,0,World Cup,Russia,+30,-30,1708,1556
2018-06-15,Iran,Morocco,1,0,World Cup,Russia,+25,-25,1815,1708
2018-06-15,Portugal,Spain,3,3,World Cup,Russia,+6,-6,1975,2038
2018-06-15,Uruguay,Egypt,1,0,World Cup,Russia,+12,-12,1905,1631
2018-06-16,Argentina,Iceland,1,1,World Cup,Russia,-17,+17,1968,1781
2018-06-16,Croatia,Nigeria,2,0,World Cup,Russia,+25,-25,1878,1659
2018-06-16,Denmark,Peru,1,0,World Cup,Russia,+35,-35,1890,1881
2018-06-16,France,Australia,2,1,World Cup,Russia,+12,-12,1999,1729
2018-06-17,Brazil,Switzerland,1,1,World Cup,Russia,-19,+19,2123,1908
2018-06-17,Mexico,Germany,1,0,World Cup,Russia,+47,-47,1897,2030
2018-06-17,Serbia,Costa Rica,1,0,World Cup,Russia,+27,-27,1805,1716
2018-06-18,Belgium,Panama,3,0,World Cup,Russia,+17,-17,1954,1640
2018-06-18,England,Tunisia,2,1,World Cup,Russia,+9,-9,1957,1647
2018-06-18,Sweden,South Korea,1,0,World Cup,Russia,+23,-23,1818,1690
2018-06-19,Japan,Colombia,2,1,World Cup,Russia,+48,-48,1732,1880
2018-06-19,Russia,Egypt,3,1,World Cup,Russia,+24,-24,1732,1607
2018-06-19,Senegal,Poland,2,1,World Cup,Russia,+37,-37,1786,1794
2018-06-20,Portugal,Morocco,1,0,World Cup,Russia,+11,-11,1986,1697
2018-06-20,Spain,Iran,1,0,World Cup,Russia,+13,-13,2051,1802
2018-06-20,Uruguay,Saudi Arabia,1,0,World Cup,Russia,+7,-7,1912,1549
2018-06-21,Australia,Denmark,1,1,World Cup,Russia,+13,-13,1742,1877
2018-06-21,Croatia,Argentina,3,0,World Cup,Russia,+66,-66,1944,1902
2018-06-21,France,Peru,1,0,World Cup,Russia,+20,-20,2019,1861
2018-06-22,Brazil,Costa Rica,2,0,World Cup,Russia,+8,-8,2131,1708
2018-06-22,Nigeria,Iceland,2,0,World Cup,Russia,+60,-60,1719,1721
2018-06-22,Switzerland,Serbia,2,1,World Cup,Russia,+21,-21,1929,1784
2018-06-23,Belgium,Tunisia,5,2,World Cup,Russia,+15,-15,1969,1632
2018-06-23,Germany,Sweden,2,1,World Cup,Russia,+14,-14,2044,1804
2018-06-23,Mexico,South Korea,2,1,World Cup,Russia,+14,-14,1911,1676
2018-06-24,Colombia,Poland,3,0,World Cup,Russia,+40,-40,1920,1754
2018-06-24,England,Panama,6,1,World Cup,Russia,+17,-17,1974,1623
2018-06-24,Japan,Senegal,2,2,World Cup,Russia,+5,-5,1737,1781
2018-06-25,Morocco,Spain,2,2,World Cup,Russia,+23,-23,1720,2028
2018-06-25,Portugal,Iran,1,1,World Cup,Russia,-15,+15,1971,1817
2018-06-25,Russia,Uruguay,0,3,World Cup,Russia,-41,+41,1691,1953
2018-06-25,Saudi Arabia,Egypt,2,1,World Cup,Russia,+35,-35,1584,1572
2018-06-26,Argentina,Nigeria,2,1,World Cup,Russia,+16,-16,1918,1703
2018-06-26,Croatia,Iceland,2,1,World Cup,Russia,+13,-13,1957,1708
2018-06-26,Denmark,France,0,0,World Cup,Russia,+12,-12,1889,2007
2018-06-26,Peru,Australia,2,0,World Cup,Russia,+30,-30,1891,1712
2018-06-27,Brazil,Serbia,2,0,World Cup,Russia,+11,-11,2142,1773
2018-06-27,Costa Rica,Switzerland,2,2,World Cup,Russia,+17,-17,1725,1912
2018-06-27,South Korea,Germany,2,0,World Cup,Russia,+80,-80,1756,1964
2018-06-27,Sweden,Mexico,3,0,World Cup,Russia,+68,-68,1872,1843
2018-06-28,Belgium,England,1,0,World Cup,Russia,+30,-30,1999,1944
2018-06-28,Colombia,Senegal,1,0,World Cup,Russia,+19,-19,1939,1762
2018-06-28,Poland,Japan,1,0,World Cup,Russia,+29,-29,1783,1708
2018-06-28,Tunisia,Panama,2,1,World Cup,Russia,+29,-29,1661,1594
2018-06-30,France,Argentina,4,3,World Cup,Russia,+22,-22,2029,1896
2018-06-30,Uruguay,Portugal,2,1,World Cup,Russia,+32,-32,1985,1939
2018-07-01,Croatia,Denmark,1,1,World Cup,Russia,-6,+6,1951,1895
2018-07-01,Russia,Spain,1,1,World Cup,Russia,+18,-18,1709,2010
2018-07-02,Belgium,Japan,3,2,World Cup,Russia,+9,-9,2008,1699
2018-07-02,Brazil,Mexico,2,0,World Cup,Russia,+14,-14,2156,1829
2018-07-03,Colombia,England,1,1,World Cup,Russia,0,0,1939,1944
2018-07-03,Sweden,Switzerland,1,0,World Cup,Russia,+33,-33,1905,1879
2018-07-05,Malaysia,Fiji,1,0,Friendly,Malaysia,+13,-13,1066,1232
2018-07-06,Belgium,Brazil,2,1,World Cup,Russia,+42,-42,2050,2114
2018-07-06,France,Uruguay,2,0,World Cup,Russia,+39,-39,2068,1946
2018-07-07,England,Sweden,2,0,World Cup,Russia,+40,-40,1984,1865
2018-07-07,Russia,Croatia,2,2,World Cup,Russia,+12,-12,1721,1939
2018-07-10,France,Belgium,1,0,World Cup,Russia,+28,-28,2096,2022
2018-07-11,Croatia,England,2,1,World Cup,Russia,+34,-34,1973,1950
2018-07-14,Belgium,England,2,0,World Cup,Russia,+36,-36,2058,1914
2018-07-15,France,Croatia,4,2,World Cup,Russia,+30,-30,2126,1943
2018-07-22,Liberia,Sierra Leone,0,0,Friendly,Liberia,-1,+1,1307,1378
2018-07-25,Sint Maarten,British Virgin Islands,2,3,Friendly,Sint Maarten,-18,+18,844,623
2018-07-27,British Virgin Islands,Saint Martin,0,0,Friendly,Saint Barthélemy,+6,-6,629,842
2018-07-27,Saint Barthélemy,Anguilla,1,2,Friendly,Saint Barthélemy,-17,+17,713,570
2018-07-28,Saint Barthélemy,British Virgin Islands,3,4,Friendly,Saint Barthélemy,-15,+15,698,644
2018-07-28,Saint Martin,Anguilla,5,1,Friendly,Saint Barthélemy,+6,-6,848,564
2018-08-04,Belize,Barbados,1,0,Friendly,Belize,+6,-6,1176,1129
2018-08-04,Palestine,Iraq,0,3,Friendly,Palestine,-15,+15,1376,1566
2018-08-11,Guadeloupe,Dominica,0,0,Friendly,Guadeloupe,-7,+7,1235,1018
2018-08-15,Guatemala,Cuba,3,0,Friendly,Guatemala,+5,-5,1516,1293
2018-08-17,Grenada,Jamaica,1,5,Friendly,Grenada,-4,+4,1098,1578
2018-08-18,Andorra,United Arab Emirates,0,0,Friendly,Austria,+9,-9,1043,1522
2018-08-18,French Guiana,Suriname,0,4,Friendly,French Guiana,-30,+30,1345,1274
2018-08-18,Guatemala,Cuba,1,0,Friendly,Guatemala,+3,-3,1519,1290
2018-08-19,Afghanistan,Palestine,0,0,Friendly,Afghanistan,+3,-3,1157,1373
2018-08-20,Barbados,Jamaica,2,2,Friendly,Barbados,+8,-8,1137,1570
2018-08-22,Sint Maarten,Anguilla,1,1,Friendly,Sint Maarten,-8,+8,836,572
2018-08-26,Anguilla,Saint Martin,1,2,Friendly,Anguilla,-5,+5,567,853
2018-08-26,Barbados,Cuba,0,0,Friendly,Barbados,+2,-2,1139,1288
2018-08-26,Lesotho,Eswatini,1,0,Friendly,Lesotho,+6,-6,1320,1259
2018-08-27,Lesotho,Eswatini,2,0,Friendly,Lesotho,+9,-9,1329,1250
2018-08-29,Bangladesh,Sri Lanka,0,1,Friendly,Bangladesh,-16,+16,789,705
2018-08-29,Barbados,Cuba,0,2,Friendly,Barbados,-13,+13,1126,1301
2018-08-29,Macao,Solomon Islands,1,4,Friendly,Macao,-3,+3,672,1202
2018-09-01,East Timor,Brunei,3,1,Southeast Asian Championship qualifier,Malaysia,+29,-29,664,596
2018-09-02,Ethiopia,Burundi,1,1,Friendly,Ethiopia,-2,+2,1275,1319
2018-09-02,Guam,Northern Mariana Islands,4,0,East Asian Championship qualifier,Mongolia,+6,-6,839,405
2018-09-02,Mongolia,Macao,4,1,East Asian Championship qualifier,Mongolia,+27,-27,685,645
2018-09-04,Bangladesh,Bhutan,2,0,South Asian Championship,Bangladesh,+9,-9,798,574
2018-09-04,Macao,Guam,2,0,East Asian Championship qualifier,Mongolia,+45,-45,690,794
2018-09-04,Mongolia,Northern Mariana Islands,9,0,East Asian Championship qualifier,Mongolia,+10,-10,695,395
2018-09-04,Pakistan,Nepal,2,1,South Asian Championship,Bangladesh,+17,-17,966,878
2018-09-05,Fiji,Solomon Islands,1,1,Friendly,Fiji,-4,+4,1228,1206
2018-09-05,India,Sri Lanka,2,0,South Asian Championship,Bangladesh,+3,-3,1218,702
2018-09-05,Slovakia,Denmark,3,0,Friendly,Slovakia,+20,-20,1772,1875
2018-09-06,Armenia,Liechtenstein,2,1,European Nations League D,Armenia,+3,-3,1457,1141
2018-09-06,Austria,Sweden,2,0,Friendly,Austria,+16,-16,1757,1849
2018-09-06,Bahrain,Philippines,1,1,Friendly,Bahrain,-7,+7,1408,1193
2018-09-06,Bangladesh,Pakistan,1,0,South Asian Championship,Bangladesh,+24,-24,822,942
2018-09-06,Czechia,Ukraine,1,2,European Nations League B,Czechia,-24,+24,1689,1774
2018-09-06,Dominica,Suriname,0,0,CONCACAF Nations League qualifier,Guadeloupe,+13,-13,1031,1261
2018-09-06,Germany,France,0,0,European Nations League A,Germany,+4,-4,1968,2122
2018-09-06,Gibraltar,Macedonia,0,2,European Nations League D,Gibraltar,-8,+8,1086,1525
2018-09-06,Guyana,Barbados,2,2,CONCACAF Nations League qualifier,Guyana,-9,+9,1180,1135
2018-09-06,Jordan,Lebanon,0,1,Friendly,Jordan,-13,+13,1462,1466
2018-09-06,Kazakhstan,Georgia,0,2,European Nations League D,Kazakhstan,-28,+28,1341,1523
2018-09-06,Kyrgyzstan,Palestine,1,1,Friendly,Kyrgyzstan,+1,-1,1238,1372
2018-09-06,Latvia,Andorra,0,0,European Nations League D,Latvia,-16,+16,1332,1059
2018-09-06,Macao,Northern Mariana Islands,1,1,East Asian Championship qualifier,Mongolia,-14,+14,676,409
2018-09-06,Mongolia,Guam,1,1,East Asian Championship qualifier,Mongolia,0,0,695,794
2018-09-06,Nepal,Bhutan,4,0,South Asian Championship,Bangladesh,+11,-11,889,563
2018-09-06,Netherlands,Peru,2,1,Friendly,the Netherlands,+7,-7,1915,1884
2018-09-06,Norway,Cyprus,2,0,European Nations League C,Norway,+8,-8,1646,1395
2018-09-06,Portugal,Croatia,1,1,Friendly,Portugal,-3,+3,1936,1946
2018-09-06,Slovenia,Bulgaria,1,2,European Nations League C,Slovenia,-26,+26,1600,1640
2018-09-06,Trinidad and Tobago,United Arab Emirates,2,0,Friendly,Spain,+19,-19,1443,1503
2018-09-06,Uzbekistan,Syria,1,1,Friendly,Uzbekistan,-3,+3,1597,1610
2018-09-06,Wales,Ireland,4,1,European Nations League B,Wales,+21,-21,1798,1707
2018-09-07,Albania,Israel,1,0,European Nations League C,Albania,+13,-13,1573,1513
2018-09-07,Anguilla,French Guiana,0,5,CONCACAF Nations League qualifier,Anguilla,-2,+2,565,1347
2018-09-07,Antigua and Barbuda,Saint Lucia,0,3,CONCACAF Nations League qualifier,Antigua and Barbuda,-54,+54,1152,1152
2018-09-07,Argentina,Guatemala,3,0,Friendly,the United States,+4,-4,1900,1515
2018-09-07,Azerbaijan,Kosovo,0,0,European Nations League D,Azerbaijan,-4,+4,1399,1435
2018-09-07,Belize,Bahamas,4,0,CONCACAF Nations League qualifier,Belize,+8,-8,1184,896
2018-09-07,Colombia,Venezuela,2,1,Friendly,the United States,+5,-5,1944,1733
2018-09-07,Ecuador,Jamaica,2,0,Friendly,the United States,+8,-8,1755,1562
2018-09-07,Faroe Islands,Malta,3,1,European Nations League D,the Faroe Islands,+15,-15,1309,1190
2018-09-07,Italy,Poland,1,1,European Nations League A,Italy,-11,+11,1880,1794
2018-09-07,Lithuania,Serbia,0,1,European Nations League C,Lithuania,-7,+7,1384,1780
2018-09-07,Maldives,Sri Lanka,0,0,South Asian Championship,Bangladesh,-12,+12,930,714
2018-09-07,Qatar,China,1,0,Friendly,Qatar,+8,-8,1500,1527
2018-09-07,Romania,Montenegro,0,0,European Nations League C,Romania,-12,+12,1715,1607
2018-09-07,Scotland,Belgium,0,4,Friendly,Scotland,-7,+7,1703,2065
2018-09-07,Singapore,Mauritius,1,1,Friendly,Singapore,-2,+2,1041,1076
2018-09-07,South Korea,Costa Rica,2,0,Friendly,South Korea,+10,-10,1766,1715
2018-09-07,Taiwan,Malaysia,2,0,Friendly,Taiwan,+15,-15,992,1051
2018-09-07,Turkey,Russia,1,2,European Nations League B,Turkey,-26,+26,1702,1747
2018-09-07,Uruguay,Mexico,4,1,Friendly,the United States,+12,-12,1958,1817
2018-09-07,United States,Brazil,0,2,Friendly,the United States,-6,+6,1757,2120
2018-09-08,Bangladesh,Nepal,0,2,South Asian Championship,Bangladesh,-33,+33,789,922
2018-09-08,Belarus,San Marino,5,0,European Nations League D,Belarus,+1,-1,1523,852
2018-09-08,Brunei,East Timor,1,0,Southeast Asian Championship qualifier,Brunei,+18,-18,614,646
2018-09-08,Comoros,Cameroon,1,1,African Nations Cup qualifier,the Comoros,+18,-18,1043,1625
2018-09-08,Cuba,Turks and Caicos Islands,11,0,CONCACAF Nations League qualifier,Cuba,+3,-3,1304,759
2018-09-08,Egypt,Niger,6,0,African Nations Cup qualifier,Egypt,+9,-9,1581,1300
2018-09-08,England,Spain,1,2,European Nations League A,England,-20,+20,1894,2030
2018-09-08,Equatorial Guinea,Sudan,1,0,African Nations Cup qualifier,Equatorial Guinea,+10,-10,1336,1235
2018-09-08,Estonia,Greece,0,1,European Nations League C,Estonia,-17,+17,1470,1662
2018-09-08,Finland,Hungary,1,0,European Nations League C,Finland,+13,-13,1618,1563
2018-09-08,Gabon,Burundi,1,1,African Nations Cup qualifier,Gabon,-11,+11,1428,1330
2018-09-08,Gambia,Algeria,1,1,African Nations Cup qualifier,The Gambia,+7,-7,1282,1501
2018-09-08,Kenya,Ghana,1,0,African Nations Cup qualifier,Kenya,+31,-31,1362,1614
2018-09-08,Luxembourg,Moldova,4,0,European Nations League D,Luxembourg,+25,-25,1370,1302
2018-09-08,Mauritania,Burkina Faso,2,0,African Nations Cup qualifier,Mauritania,+44,-44,1363,1554
2018-09-08,Montserrat,El Salvador,1,2,CONCACAF Nations League qualifier,Montserrat,-1,+1,644,1472
2018-09-08,Morocco,Malawi,3,0,African Nations Cup qualifier,Morocco,+3,-3,1723,1275
2018-09-08,Mozambique,Guinea-Bissau,2,2,African Nations Cup qualifier,Mozambique,-8,+8,1307,1284
2018-09-08,Namibia,Zambia,1,1,African Nations Cup qualifier,Namibia,-1,+1,1364,1446
2018-09-08,Northern Ireland,Bosnia and Herzegovina,1,2,European Nations League B,Northern Ireland,-22,+22,1655,1766
2018-09-08,Pakistan,Bhutan,3,0,South Asian Championship,Bangladesh,+7,-7,949,556
2018-09-08,Seychelles,Nigeria,0,3,African Nations Cup qualifier,the Seychelles,-2,+2,962,1705
2018-09-08,South Africa,Libya,0,0,African Nations Cup qualifier,South Africa,-10,+10,1558,1485
2018-09-08,Saint Vincent and the Grenadines,Nicaragua,0,2,CONCACAF Nations League qualifier,Saint Vincent and the Grenadines,-24,+24,1077,1301
2018-09-08,Switzerland,Iceland,6,0,European Nations League A,Switzerland,+15,-15,1894,1693
2018-09-08,Uganda,Tanzania,0,0,African Nations Cup qualifier,Uganda,-10,+10,1409,1329
2018-09-09,Angola,Botswana,1,0,African Nations Cup qualifier,Angola,+19,-19,1275,1321
2018-09-09,Aruba,Bermuda,3,1,CONCACAF Nations League qualifier,Curaçao,+50,-50,967,1141
2018-09-09,Bulgaria,Norway,1,0,European Nations League C,Bulgaria,+15,-15,1655,1631
2018-09-09,Canada,US Virgin Islands,8,0,CONCACAF Nations League qualifier,the United States,+1,-1,1536,721
2018-09-09,Congo,Zimbabwe,1,1,African Nations Cup qualifier,Congo,-1,+1,1392,1470
2018-09-09,Cyprus,Slovenia,2,1,European Nations League C,Cyprus,+26,-26,1421,1574
2018-09-09,Denmark,Wales,2,0,European Nations League B,Denmark,+16,-16,1891,1782
2018-09-09,Dominican Republic,Bonaire,5,0,CONCACAF Nations League qualifier,Curaçao,+14,-14,1271,977
2018-09-09,Eswatini,Tunisia,0,2,African Nations Cup qualifier,Eswatini,-9,+9,1241,1670
2018-09-09,Ethiopia,Sierra Leone,1,0,African Nations Cup qualifier,Ethiopia,+20,-20,1295,1358
2018-09-09,France,Netherlands,2,1,European Nations League A,France,+6,-6,2128,1909
2018-09-09,Georgia,Latvia,1,0,European Nations League D,Georgia,+6,-6,1529,1326
2018-09-09,Germany,Peru,2,1,Friendly,Germany,+5,-5,1973,1879
2018-09-09,Guinea,Central African Republic,1,0,African Nations Cup qualifier,Guinea,+9,-9,1463,1328
2018-09-09,India,Maldives,2,0,South Asian Championship,Bangladesh,+10,-10,1228,920
2018-09-09,Jamaica,Cayman Islands,4,0,CONCACAF Nations League qualifier,Jamaica,+1,-1,1563,946
2018-09-09,Lebanon,Oman,0,0,Friendly,Jordan,+2,-2,1468,1536
2018-09-09,Lesotho,Cape Verde,1,1,African Nations Cup qualifier,Lesotho,0,0,1329,1435
2018-09-09,Liberia,Democratic Republic of Congo,1,1,African Nations Cup qualifier,Liberia,+10,-10,1317,1579
2018-09-09,Liechtenstein,Gibraltar,2,0,European Nations League D,Liechtenstein,+17,-17,1158,1069
2018-09-09,Macedonia,Armenia,2,0,European Nations League D,Macedonia,+17,-17,1542,1440
2018-09-09,Madagascar,Senegal,2,2,African Nations Cup qualifier,Madagascar,+15,-15,1354,1747
2018-09-09,Rwanda,Ivory Coast,1,2,African Nations Cup qualifier,Rwanda,-9,+9,1274,1609
2018-09-09,South Sudan,Mali,0,3,African Nations Cup qualifier,South Sudan,-8,+8,1049,1527
2018-09-09,Saint Kitts and Nevis,Puerto Rico,1,0,CONCACAF Nations League qualifier,Saint Kitts and Nevis,+6,-6,1247,1020
2018-09-09,Togo,Benin,0,0,African Nations Cup qualifier,Togo,-4,+4,1385,1419
2018-09-09,Ukraine,Slovakia,1,0,European Nations League B,Ukraine,+14,-14,1788,1758
2018-09-10,Andorra,Kazakhstan,1,1,European Nations League D,Andorra,+10,-10,1069,1331
2018-09-10,Bahrain,China,0,0,Friendly,Bahrain,+1,-1,1409,1526
2018-09-10,Cambodia,Malaysia,1,3,Friendly,Cambodia,-10,+10,808,1061
2018-09-10,Curaçao,Grenada,10,0,CONCACAF Nations League qualifier,Curaçao,+16,-16,1309,1082
2018-09-10,Haiti,Sint Maarten,13,0,CONCACAF Nations League qualifier,Haiti,+2,-2,1495,834
2018-09-10,Kosovo,Faroe Islands,2,0,European Nations League D,Kosovo,+13,-13,1448,1296
2018-09-10,Kuwait,Iraq,2,2,Friendly,Kuwait,+1,-1,1421,1565
2018-09-10,Kyrgyzstan,Syria,2,1,Friendly,Kyrgyzstan,+17,-17,1255,1593
2018-09-10,Malta,Azerbaijan,1,1,European Nations League D,Malta,+6,-6,1196,1393
2018-09-10,Montenegro,Lithuania,2,0,European Nations League C,Montenegro,+8,-8,1615,1376
2018-09-10,Portugal,Italy,1,0,European Nations League A,Portugal,+12,-12,1948,1868
2018-09-10,Russia,Czechia,5,1,Friendly,Russia,+11,-11,1758,1678
2018-09-10,Saudi Arabia,Bolivia,2,2,Friendly,Saudi Arabia,-1,+1,1583,1662
2018-09-10,Scotland,Albania,2,0,European Nations League C,Scotland,+13,-13,1716,1560
2018-09-10,Serbia,Romania,2,2,European Nations League C,Serbia,-9,+9,1771,1724
2018-09-10,Sweden,Turkey,2,3,European Nations League B,Sweden,-32,+32,1817,1734
2018-09-11,Argentina,Colombia,0,0,Friendly,the United States,+1,-1,1901,1943
2018-09-11,Bosnia and Herzegovina,Austria,1,0,European Nations League B,Bosnia and Herzegovina,+14,-14,1780,1743
2018-09-11,Brazil,El Salvador,5,0,Friendly,the United States,+1,-1,2121,1471
2018-09-11,Ecuador,Guatemala,2,0,Friendly,the United States,+6,-6,1761,1509
2018-09-11,England,Switzerland,1,0,Friendly,England,+7,-7,1901,1887
2018-09-11,Finland,Estonia,1,0,European Nations League C,Finland,+8,-8,1626,1462
2018-09-11,Gabon,Zambia,0,1,Friendly,Gabon,-12,+12,1416,1458
2018-09-11,Guadeloupe,Saint Martin,3,0,CONCACAF Nations League qualifier,Anguilla,+7,-7,1242,846
2018-09-11,Hungary,Greece,2,1,European Nations League C,Hungary,+20,-20,1583,1642
2018-09-11,Iceland,Belgium,0,3,European Nations League A,Iceland,-12,+12,1681,2077
2018-09-11,Indonesia,Mauritius,1,0,Friendly,Indonesia,+4,-4,1236,1072
2018-09-11,Japan,Costa Rica,3,0,Friendly,Japan,+13,-13,1712,1702
2018-09-11,Jordan,Oman,0,0,Friendly,Jordan,-1,+1,1461,1537
2018-09-11,Kenya,Malawi,1,0,Friendly,Kenya,+5,-5,1367,1270
2018-09-11,Liberia,Nigeria,1,2,Friendly,Liberia,-3,+3,1314,1708
2018-09-11,Moldova,Belarus,0,0,European Nations League D,Moldova,+7,-7,1309,1516
2018-09-11,Northern Ireland,Israel,3,0,Friendly,Northern Ireland,+7,-7,1662,1506
2018-09-11,Panama,Venezuela,0,2,Friendly,Panama,-13,+13,1581,1746
2018-09-11,Poland,Ireland,1,1,Friendly,Poland,-5,+5,1789,1712
2018-09-11,Qatar,Palestine,3,0,Friendly,Qatar,+7,-7,1507,1365
2018-09-11,San Marino,Luxembourg,0,3,European Nations League D,San Marino,-6,+6,846,1376
2018-09-11,Singapore,Fiji,2,0,Friendly,Singapore,+19,-19,1060,1209
2018-09-11,South Korea,Chile,0,0,Friendly,South Korea,0,0,1766,1869
2018-09-11,Spain,Croatia,6,0,European Nations League A,Spain,+22,-22,2052,1924
2018-09-11,United Arab Emirates,Laos,3,0,Friendly,Spain,+1,-1,1504,768
2018-09-11,United States,Mexico,1,0,Friendly,the United States,+9,-9,1766,1808
2018-09-11,Uzbekistan,Iran,0,1,Friendly,Uzbekistan,-7,+7,1590,1824
2018-09-12,India,Pakistan,3,1,South Asian Championship,Bangladesh,+10,-10,1238,939
2018-09-12,Maldives,Nepal,3,0,South Asian Championship,Bangladesh,+35,-35,955,887
2018-09-15,Maldives,India,2,1,South Asian Championship,Bangladesh,+33,-33,988,1205
2018-09-29,Cuba,Cayman Islands,5,0,Friendly,Cuba,+3,-3,1307,943
2018-09-30,Botswana,Namibia,1,0,Friendly,Botswana,+8,-8,1329,1356
2018-09-30,Saint Vincent and the Grenadines,Barbados,1,1,Friendly,Saint Vincent and the Grenadines,-1,+1,1076,1136
2018-10-01,Bangladesh,Laos,1,0,Bangabandhu Gold Cup,Bangladesh,+10,-10,799,758
2018-10-02,Tajikistan,Nepal,2,0,Bangabandhu Gold Cup,Bangladesh,+7,-7,1203,880
2018-10-03,Philippines,Laos,3,1,Bangabandhu Gold Cup,Bangladesh,+3,-3,1196,755
2018-10-04,Palestine,Tajikistan,2,0,Bangabandhu Gold Cup,Bangladesh,+13,-13,1378,1190
2018-10-05,Bangladesh,Philippines,0,1,Bangabandhu Gold Cup,Bangladesh,-5,+5,794,1201
2018-10-06,Palestine,Nepal,1,0,Bangabandhu Gold Cup,Bangladesh,+2,-2,1380,878
2018-10-09,Tajikistan,Philippines,2,0,Bangabandhu Gold Cup,Bangladesh,+23,-23,1213,1178
2018-10-10,Albania,Jordan,0,0,Friendly,Albania,-5,+5,1555,1466
2018-10-10,Bangladesh,Palestine,0,2,Bangabandhu Gold Cup,Bangladesh,-3,+3,791,1383
2018-10-10,Ethiopia,Kenya,0,0,African Nations Cup qualifier,Ethiopia,-2,+2,1293,1369
2018-10-10,Indonesia,Myanmar,3,0,Friendly,Indonesia,+6,-6,1242,1062
2018-10-10,Italy,Ukraine,1,1,Friendly,Italy,-5,+5,1863,1793
2018-10-10,Zambia,Guinea-Bissau,2,1,African Nations Cup qualifier,Zambia,+7,-7,1465,1277
2018-10-11,Argentina,Iraq,4,0,Friendly tournament,Saudi Arabia,+7,-7,1908,1558
2018-10-11,Bahrain,Syria,0,1,Friendly,Bahrain,-8,+8,1401,1601
2018-10-11,Congo,Liberia,3,1,African Nations Cup qualifier,Congo,+16,-16,1408,1298
2018-10-11,Faroe Islands,Azerbaijan,0,3,European Nations League D,the Faroe Islands,-35,+35,1261,1428
2018-10-11,France,Iceland,2,2,Friendly,France,-9,+9,2119,1690
2018-10-11,French Guiana,Saint Vincent and the Grenadines,0,1,CONCACAF Nations League qualifier,French Guiana,-36,+36,1311,1112
2018-10-11,Honduras,United Arab Emirates,1,1,Friendly,Spain,-2,+2,1588,1506
2018-10-11,Hong Kong,Thailand,0,1,Friendly,Hong Kong,-7,+7,1176,1388
2018-10-11,Israel,Scotland,2,1,European Nations League C,Israel,+26,-26,1532,1690
2018-10-11,Kosovo,Malta,3,1,European Nations League D,Kosovo,+7,-7,1455,1189
2018-10-11,Kuwait,Lebanon,1,0,Friendly,Kuwait,+8,-8,1429,1460
2018-10-11,Lithuania,Romania,1,2,European Nations League C,Lithuania,-8,+8,1368,1732
2018-10-11,Mexico,Costa Rica,3,2,Friendly,Mexico,+5,-5,1813,1697
2018-10-11,Montenegro,Serbia,0,2,European Nations League C,Montenegro,-25,+25,1590,1796
2018-10-11,Poland,Portugal,2,3,European Nations League A,Poland,-17,+17,1772,1965
2018-10-11,Russia,Sweden,0,0,European Nations League B,Russia,-2,+2,1756,1819
2018-10-11,Turkey,Bosnia and Herzegovina,0,0,Friendly,Turkey,-2,+2,1732,1782
2018-10-11,United States,Colombia,2,4,Friendly,the United States,-12,+12,1754,1955
2018-10-11,Wales,Spain,1,4,Friendly,Wales,-10,+10,1772,2062
2018-10-12,Algeria,Benin,2,0,African Nations Cup qualifier,Algeria,+16,-16,1517,1403
2018-10-12,Angola,Mauritania,4,1,African Nations Cup qualifier,Angola,+34,-34,1309,1329
2018-10-12,Austria,Northern Ireland,1,0,European Nations League B,Austria,+10,-10,1753,1652
2018-10-12,Bahamas,Antigua and Barbuda,0,6,CONCACAF Nations League qualifier,the Bahamas,-25,+25,871,1177
2018-10-12,Belarus,Luxembourg,1,0,European Nations League D,Belarus,+8,-8,1524,1368
2018-10-12,Belgium,Switzerland,2,1,European Nations League A,Belgium,+6,-6,2083,1881
2018-10-12,Bermuda,Sint Maarten,12,0,CONCACAF Nations League qualifier,Bermuda,+10,-10,1151,824
2018-10-12,Cambodia,East Timor,2,2,Friendly,Cambodia,-6,+6,802,652
2018-10-12,Cameroon,Malawi,1,0,African Nations Cup qualifier,Cameroon,+3,-3,1628,1267
2018-10-12,Cape Verde,Tanzania,3,0,African Nations Cup qualifier,Cape Verde,+16,-16,1451,1313
2018-10-12,Croatia,England,0,0,European Nations League A,Croatia,-7,+7,1917,1908
2018-10-12,Curaçao,US Virgin Islands,5,0,CONCACAF Nations League qualifier,the United States,+3,-3,1312,718
2018-10-12,Dominican Republic,Cayman Islands,3,0,CONCACAF Nations League qualifier,the Dominican Republic,+5,-5,1276,938
2018-10-12,Egypt,Eswatini,4,1,African Nations Cup qualifier,Egypt,+5,-5,1586,1236
2018-10-12,Estonia,Finland,0,1,European Nations League C,Estonia,-16,+16,1446,1642
2018-10-12,Gabon,South Sudan,3,0,African Nations Cup qualifier,Gabon,+4,-4,1420,1045
2018-10-12,Greece,Hungary,1,0,European Nations League C,Greece,+11,-11,1653,1572
2018-10-12,Grenada,Cuba,0,2,CONCACAF Nations League qualifier,Grenada,-20,+20,1062,1327
2018-10-12,Guinea,Rwanda,2,0,African Nations Cup qualifier,Guinea,+10,-10,1473,1264
2018-10-12,Ivory Coast,Central African Republic,4,0,African Nations Cup qualifier,Ivory Coast,+8,-8,1617,1320
2018-10-12,Japan,Panama,3,0,Friendly,Japan,+7,-7,1719,1574
2018-10-12,Mali,Burundi,0,0,African Nations Cup qualifier,Mali,-14,+14,1513,1344
2018-10-12,Moldova,San Marino,2,0,European Nations League D,Moldova,+2,-2,1311,844
2018-10-12,Palestine,Tajikistan,0,0,Bangabandhu Gold Cup,Bangladesh,-7,+7,1376,1220
2018-10-12,Peru,Chile,3,0,Friendly,the United States,+17,-17,1896,1852
2018-10-12,Qatar,Ecuador,4,3,Friendly,Qatar,+14,-14,1521,1747
2018-10-12,Saudi Arabia,Brazil,0,2,Friendly tournament,Saudi Arabia,-3,+3,1580,2124
2018-10-12,Singapore,Mongolia,2,0,Friendly,Singapore,+2,-2,1062,693
2018-10-12,South Korea,Uruguay,2,1,Friendly,South Korea,+13,-13,1779,1945
2018-10-12,Sri Lanka,Malaysia,1,4,Friendly,Sri Lanka,-7,+7,707,1068
2018-10-12,Togo,Gambia,1,1,African Nations Cup qualifier,Togo,-11,+11,1374,1293
2018-10-13,Armenia,Gibraltar,0,1,European Nations League D,Armenia,-38,+38,1402,1107
2018-10-13,Bulgaria,Cyprus,2,1,European Nations League C,Bulgaria,+5,-5,1660,1416
2018-10-13,Burkina Faso,Botswana,3,0,African Nations Cup qualifier,Burkina Faso,+9,-9,1563,1320
2018-10-13,China,India,0,0,Friendly,China,-8,+8,1518,1213
2018-10-13,Democratic Republic of Congo,Zimbabwe,1,2,African Nations Cup qualifier,the Democratic Republic of the Congo,-31,+31,1548,1501
2018-10-13,El Salvador,Barbados,3,0,CONCACAF Nations League qualifier,El Salvador,+5,-5,1476,1131
2018-10-13,Equatorial Guinea,Madagascar,0,1,African Nations Cup qualifier,Equatorial Guinea,-25,+25,1311,1379
2018-10-13,Georgia,Andorra,3,0,European Nations League D,Georgia,+3,-3,1532,1066
2018-10-13,Ireland,Denmark,0,0,European Nations League B,Ireland,+4,-4,1716,1887
2018-10-13,Latvia,Kazakhstan,1,1,European Nations League D,Latvia,-5,+5,1321,1336
2018-10-13,Macedonia,Liechtenstein,4,1,European Nations League D,Macedonia,+4,-4,1546,1154
2018-10-13,Morocco,Comoros,1,0,African Nations Cup qualifier,Morocco,0,0,1723,1043
2018-10-13,Mozambique,Namibia,1,2,African Nations Cup qualifier,Mozambique,-23,+23,1284,1379
2018-10-13,Myanmar,Bolivia,0,3,Friendly,Myanmar,-2,+2,1060,1664
2018-10-13,Netherlands,Germany,3,0,European Nations League A,the Netherlands,+31,-31,1940,1942
2018-10-13,Nigeria,Libya,4,0,African Nations Cup qualifier,Nigeria,+10,-10,1718,1475
2018-10-13,Norway,Slovenia,1,0,European Nations League C,Norway,+12,-12,1643,1562
2018-10-13,Oman,Philippines,1,1,Friendly,Qatar,-8,+8,1529,1186
2018-10-13,Puerto Rico,Martinique,0,1,CONCACAF Nations League qualifier,Puerto Rico,-6,+6,1014,1444
2018-10-13,Senegal,Sudan,3,0,African Nations Cup qualifier,Senegal,+2,-2,1749,1233
2018-10-13,Slovakia,Czechia,1,2,European Nations League B,Slovakia,-30,+30,1728,1708
2018-10-13,South Africa,Seychelles,6,0,African Nations Cup qualifier,South Africa,+2,-2,1560,960
2018-10-13,Suriname,British Virgin Islands,5,0,CONCACAF Nations League qualifier,Suriname,+1,-1,1262,643
2018-10-13,Tunisia,Niger,1,0,African Nations Cup qualifier,Tunisia,+3,-3,1673,1297
2018-10-13,Turks and Caicos Islands,Guyana,0,8,CONCACAF Nations League qualifier,Turks and Caicos Islands,-13,+13,746,1193
2018-10-13,Uganda,Lesotho,3,0,African Nations Cup qualifier,Uganda,+18,-18,1427,1311
2018-10-13,Uzbekistan,North Korea,2,0,Friendly,Uzbekistan,+6,-6,1596,1450
2018-10-14,Azerbaijan,Malta,1,1,European Nations League D,Azerbaijan,-15,+15,1413,1204
2018-10-14,Faroe Islands,Kosovo,1,1,European Nations League D,the Faroe Islands,+5,-5,1266,1450
2018-10-14,Guinea-Bissau,Zambia,2,1,African Nations Cup qualifier,Guinea-Bissau,+25,-25,1302,1440
2018-10-14,Israel,Albania,2,0,European Nations League C,Israel,+23,-23,1555,1532
2018-10-14,Jamaica,Bonaire,6,0,CONCACAF Nations League qualifier,Curaçao,+3,-3,1566,974
2018-10-14,Kenya,Ethiopia,3,0,African Nations Cup qualifier,Kenya,+19,-19,1388,1274
2018-10-14,Lithuania,Montenegro,1,4,European Nations League C,Lithuania,-23,+23,1345,1613
2018-10-14,Montserrat,Belize,1,0,CONCACAF Nations League qualifier,Montserrat,+37,-37,681,1147
2018-10-14,Nicaragua,Anguilla,6,0,CONCACAF Nations League qualifier,Costa Rica,+1,-1,1302,564
2018-10-14,Poland,Italy,0,1,European Nations League A,Poland,-21,+21,1751,1884
2018-10-14,Romania,Serbia,0,0,European Nations League C,Romania,-2,+2,1730,1798
2018-10-14,Russia,Turkey,2,0,European Nations League B,Russia,+20,-20,1776,1712
2018-10-14,Scotland,Portugal,1,3,Friendly,Scotland,-8,+8,1682,1973
2018-10-14,Saint Kitts and Nevis,Saint Martin,10,0,CONCACAF Nations League qualifier,Anguilla,+9,-9,1256,837
2018-10-14,Thailand,Trinidad and Tobago,1,0,Friendly,Thailand,+9,-9,1397,1434
2018-10-15,Belarus,Moldova,0,0,European Nations League D,Belarus,-14,+14,1510,1325
2018-10-15,Bosnia and Herzegovina,Northern Ireland,2,0,European Nations League B,Bosnia and Herzegovina,+13,-13,1795,1639
2018-10-15,Croatia,Jordan,2,1,Friendly,Croatia,+1,-1,1918,1465
2018-10-15,Estonia,Hungary,3,3,European Nations League C,Estonia,+1,-1,1447,1571
2018-10-15,Finland,Greece,2,0,European Nations League C,Finland,+22,-22,1664,1631
2018-10-15,Iceland,Switzerland,1,2,European Nations League A,Iceland,-15,+15,1675,1896
2018-10-15,Kuwait,Australia,0,4,Friendly,Kuwait,-10,+10,1419,1722
2018-10-15,Luxembourg,San Marino,3,0,European Nations League D,Luxembourg,+2,-2,1370,842
2018-10-15,Saudi Arabia,Iraq,1,1,Friendly tournament,Saudi Arabia,-5,+5,1575,1563
2018-10-15,Spain,England,2,3,European Nations League A,Spain,-32,+32,2030,1940
2018-10-16,Armenia,Macedonia,4,0,European Nations League D,Armenia,+42,-42,1444,1504
2018-10-16,Bahrain,Myanmar,4,1,Friendly,Bahrain,+3,-3,1404,1057
2018-10-16,Belgium,Netherlands,1,1,Friendly,Belgium,-6,+6,2077,1946
2018-10-16,Benin,Algeria,1,0,African Nations Cup qualifier,Benin,+21,-21,1424,1496
2018-10-16,Botswana,Burkina Faso,0,0,African Nations Cup qualifier,Botswana,+8,-8,1328,1555
2018-10-16,Brazil,Argentina,1,0,Friendly tournament,Saudi Arabia,+7,-7,2131,1901
2018-10-16,Burundi,Mali,1,1,African Nations Cup qualifier,Burundi,+4,-4,1348,1509
2018-10-16,Cambodia,Singapore,1,2,Friendly,Cambodia,-6,+6,796,1068
2018-10-16,Canada,Dominica,5,0,CONCACAF Nations League qualifier,Canada,+2,-2,1538,1029
2018-10-16,China,Syria,2,0,Friendly,China,+14,-14,1532,1587
2018-10-16,Central African Republic,Ivory Coast,0,0,African Nations Cup qualifier,Central African Republic,+10,-10,1330,1607
2018-10-16,Colombia,Costa Rica,3,1,Friendly,the United States,+6,-6,1961,1691
2018-10-16,Comoros,Morocco,2,2,African Nations Cup qualifier,the Comoros,+19,-19,1062,1704
2018-10-16,Denmark,Austria,2,0,Friendly,Denmark,+6,-6,1893,1747
2018-10-16,Ecuador,Oman,0,0,Friendly,Qatar,-6,+6,1741,1535
2018-10-16,Eswatini,Egypt,0,2,African Nations Cup qualifier,Eswatini,-12,+12,1224,1598
2018-10-16,France,Germany,2,1,European Nations League A,France,+7,-7,2126,1935
2018-10-16,Gambia,Togo,0,1,African Nations Cup qualifier,The Gambia,-21,+21,1272,1395
2018-10-16,Gibraltar,Liechtenstein,2,1,European Nations League D,Gibraltar,+17,-17,1124,1137
2018-10-16,Guadeloupe,Aruba,0,0,CONCACAF Nations League qualifier,Guadeloupe,-16,+16,1226,983
2018-10-16,Haiti,Saint Lucia,2,1,CONCACAF Nations League qualifier,Martinique,+5,-5,1500,1147
2018-10-16,Indonesia,Hong Kong,1,1,Friendly,Indonesia,-4,+4,1238,1180
2018-10-16,Iran,Bolivia,2,1,Friendly,Iran,+4,-4,1828,1660
2018-10-16,Ireland,Wales,0,1,European Nations League B,Ireland,-23,+23,1693,1795
2018-10-16,Japan,Uruguay,4,3,Friendly,Japan,+13,-13,1732,1932
2018-10-16,Kazakhstan,Andorra,4,0,European Nations League D,Kazakhstan,+8,-8,1344,1058
2018-10-16,Laos,Mongolia,1,4,Friendly,Laos,-25,+25,730,718
2018-10-16,Latvia,Georgia,0,3,European Nations League D,Latvia,-24,+24,1297,1556
2018-10-16,Lesotho,Uganda,0,2,African Nations Cup qualifier,Lesotho,-29,+29,1282,1456
2018-10-16,Liberia,Congo,2,1,African Nations Cup qualifier,Liberia,+21,-21,1319,1387
2018-10-16,Madagascar,Equatorial Guinea,1,0,African Nations Cup qualifier,Madagascar,+11,-11,1390,1300
2018-10-16,Malawi,Cameroon,0,0,African Nations Cup qualifier,Malawi,+13,-13,1280,1615
2018-10-16,Malaysia,Kyrgyzstan,0,1,Friendly,Malaysia,-8,+8,1060,1263
2018-10-16,Martinique,British Virgin Islands,4,0,CONCACAF Nations League qualifier,Martinique,0,0,1444,643
2018-10-16,Mauritania,Angola,1,0,African Nations Cup qualifier,Mauritania,+13,-13,1342,1296
2018-10-16,Mexico,Chile,0,1,Friendly,Mexico,-12,+12,1801,1864
2018-10-16,Namibia,Mozambique,1,0,African Nations Cup qualifier,Namibia,+10,-10,1389,1274
2018-10-16,Niger,Tunisia,1,2,African Nations Cup qualifier,Niger,-7,+7,1290,1680
2018-10-16,Nigeria,Libya,3,2,African Nations Cup qualifier,Tunisia,+8,-8,1726,1467
2018-10-16,Norway,Bulgaria,1,0,European Nations League C,Norway,+15,-15,1658,1645
2018-10-16,Rwanda,Guinea,1,1,African Nations Cup qualifier,Rwanda,+6,-6,1270,1467
2018-10-16,Seychelles,South Africa,0,0,African Nations Cup qualifier,the Seychelles,+18,-18,978,1542
2018-10-16,Slovenia,Cyprus,1,1,European Nations League C,Slovenia,-12,+12,1550,1428
2018-10-16,South Korea,Panama,2,2,Friendly,South Korea,-7,+7,1772,1581
2018-10-16,South Sudan,Gabon,0,1,African Nations Cup qualifier,South Sudan,-7,+7,1038,1427
2018-10-16,Sudan,Senegal,0,1,African Nations Cup qualifier,Sudan,-3,+3,1230,1752
2018-10-16,Sweden,Slovakia,1,1,Friendly,Sweden,-5,+5,1814,1733
2018-10-16,Tanzania,Cape Verde,2,0,African Nations Cup qualifier,Tanzania,+33,-33,1346,1418
2018-10-16,Ukraine,Czechia,1,0,European Nations League B,Ukraine,+10,-10,1803,1698
2018-10-16,United States,Peru,1,1,Friendly,the United States,+1,-1,1755,1895
2018-10-16,Uzbekistan,Qatar,2,0,Friendly,Uzbekistan,+8,-8,1604,1513
2018-10-16,Venezuela,United Arab Emirates,2,0,Friendly,Spain,+6,-6,1752,1500
2018-10-16,Zimbabwe,Democratic Republic of Congo,1,1,African Nations Cup qualifier,Zimbabwe,-3,+3,1498,1551
2018-11-03,Malaysia,Maldives,3,0,Friendly,Malaysia,+9,-9,1069,979
2018-11-08,Cambodia,Malaysia,0,1,Southeast Asian Championship,Cambodia,-11,+11,785,1080
2018-11-08,Laos,Vietnam,0,3,Southeast Asian Championship,Laos,-5,+5,725,1290
2018-11-09,Singapore,Indonesia,1,0,Southeast Asian Championship,Singapore,+24,-24,1092,1214
2018-11-09,Thailand,East Timor,7,0,Southeast Asian Championship,Thailand,+1,-1,1398,651
2018-11-11,North Korea,Mongolia,4,1,East Asian Championship qualifier,Taiwan,+1,-1,1451,717
2018-11-11,Taiwan,Hong Kong,1,2,East Asian Championship qualifier,Taiwan,-15,+15,977,1195
2018-11-12,Malaysia,Laos,3,1,Southeast Asian Championship,Malaysia,+4,-4,1084,721
2018-11-12,Myanmar,Cambodia,4,1,Southeast Asian Championship,Myanmar,+7,-7,1064,778
2018-11-13,Hong Kong,North Korea,0,0,East Asian Championship qualifier,Taiwan,+13,-13,1208,1438
2018-11-13,Indonesia,East Timor,3,1,Southeast Asian Championship,Indonesia,+1,-1,1215,650
2018-11-13,Philippines,Singapore,1,0,Southeast Asian Championship,the Philippines,+10,-10,1196,1082
2018-11-13,Taiwan,Mongolia,2,1,East Asian Championship qualifier,Taiwan,+4,-4,981,713
2018-11-14,Switzerland,Qatar,0,1,Friendly,Switzerland,-19,+19,1877,1532
2018-11-14,Vanuatu,New Caledonia,0,1,Friendly,Vanuatu,-13,+13,1210,1218
2018-11-15,Andorra,Georgia,1,1,European Nations League D,Andorra,+16,-16,1074,1540
2018-11-15,Austria,Bosnia and Herzegovina,0,0,European Nations League B,Austria,-3,+3,1744,1798
2018-11-15,Belgium,Iceland,2,0,European Nations League A,Belgium,+3,-3,2080,1672
2018-11-15,Croatia,Spain,3,2,European Nations League A,Croatia,+21,-21,1939,2009
2018-11-15,England,United States,3,0,Friendly,England,+6,-6,1946,1749
2018-11-15,Germany,Russia,3,0,Friendly,Germany,+6,-6,1941,1770
2018-11-15,Greece,Finland,1,0,European Nations League C,Greece,+16,-16,1647,1648
2018-11-15,Hungary,Estonia,2,0,European Nations League C,Hungary,+13,-13,1584,1434
2018-11-15,Iran,Trinidad and Tobago,1,0,Friendly,Iran,+1,-1,1829,1433
2018-11-15,Ireland,Northern Ireland,0,0,Friendly,Ireland,-4,+4,1689,1643
2018-11-15,Israel,Guatemala,7,0,Friendly,Israel,+14,-14,1569,1495
2018-11-15,Kazakhstan,Latvia,1,1,European Nations League D,Kazakhstan,-8,+8,1336,1305
2018-11-15,Lebanon,Uzbekistan,0,0,Friendly,Australia,+4,-4,1464,1600
2018-11-15,Luxembourg,Belarus,0,2,European Nations League D,Luxembourg,-27,+27,1343,1537
2018-11-15,Peru,Ecuador,0,2,Friendly,Peru,-24,+24,1871,1765
2018-11-15,Poland,Czechia,0,1,Friendly,Poland,-14,+14,1737,1712
2018-11-15,San Marino,Moldova,0,1,European Nations League D,San Marino,-4,+4,838,1329
2018-11-16,Argentina,Mexico,2,0,Friendly,Argentina,+7,-7,1908,1794
2018-11-16,Aruba,Montserrat,0,2,CONCACAF Nations League qualifier,Curaçao,-51,+51,932,732
2018-11-16,Belize,Puerto Rico,1,0,CONCACAF Nations League qualifier,Belize,+8,-8,1155,1006
2018-11-16,Bermuda,El Salvador,1,0,CONCACAF Nations League qualifier,Bermuda,+31,-31,1182,1445
2018-11-16,Brazil,Uruguay,1,0,Friendly,England,+5,-5,2136,1927
2018-11-16,Chile,Costa Rica,2,3,Friendly,Chile,-17,+17,1847,1708
2018-11-16,Cyprus,Bulgaria,1,1,European Nations League C,Cyprus,+6,-6,1434,1639
2018-11-16,Egypt,Tunisia,3,2,African Nations Cup qualifier,Egypt,+19,-19,1617,1661
2018-11-16,Gibraltar,Armenia,2,6,European Nations League D,Gibraltar,-16,+16,1108,1460
2018-11-16,Grenada,Saint Martin,5,2,CONCACAF Nations League qualifier,Grenada,+9,-9,1071,828
2018-11-16,Honduras,Panama,1,0,Friendly,Honduras,+7,-7,1595,1574
2018-11-16,Hong Kong,Mongolia,5,1,East Asian Championship qualifier,Taiwan,+4,-4,1212,709
2018-11-16,Japan,Venezuela,1,1,Friendly,Japan,-2,+2,1730,1754
2018-11-16,Laos,Myanmar,1,3,Southeast Asian Championship,Laos,-12,+12,709,1076
2018-11-16,Liechtenstein,Macedonia,0,2,European Nations League D,Liechtenstein,-11,+11,1126,1515
2018-11-16,Morocco,Cameroon,2,0,African Nations Cup qualifier,Morocco,+15,-15,1719,1600
2018-11-16,Netherlands,France,2,0,European Nations League A,the Netherlands,+37,-37,1983,2089
2018-11-16,Oman,Syria,1,1,Friendly,Oman,-1,+1,1534,1588
2018-11-16,Palestine,Pakistan,2,1,Friendly,Palestine,+1,-1,1377,938
2018-11-16,Saudi Arabia,Yemen,1,0,Friendly,Saudi Arabia,+1,-1,1576,1193
2018-11-16,Slovakia,Ukraine,4,1,European Nations League B,Slovakia,+32,-32,1765,1771
2018-11-16,Slovenia,Norway,1,1,European Nations League C,Slovenia,0,0,1550,1658
2018-11-16,South Sudan,Burundi,2,5,African Nations Cup qualifier,South Sudan,-16,+16,1022,1364
2018-11-16,Taiwan,North Korea,0,2,East Asian Championship qualifier,Taiwan,-7,+7,974,1445
2018-11-16,United Arab Emirates,Bolivia,0,0,Friendly,the United Arab Emirates,+2,-2,1502,1658
2018-11-16,Vietnam,Malaysia,2,0,Southeast Asian Championship,Vietnam,+9,-9,1299,1075
2018-11-16,Wales,Denmark,1,2,European Nations League B,Wales,-20,+20,1775,1913
2018-11-17,Albania,Scotland,0,4,European Nations League C,Albania,-32,+32,1500,1714
2018-11-17,Australia,South Korea,1,1,Friendly,Australia,-1,+1,1721,1773
2018-11-17,Azerbaijan,Faroe Islands,2,0,European Nations League D,Azerbaijan,+12,-12,1425,1254
2018-11-17,Cayman Islands,Saint Lucia,0,0,CONCACAF Nations League qualifier,the Cayman Islands,+6,-6,944,1141
2018-11-17,Comoros,Malawi,2,1,African Nations Cup qualifier,the Comoros,+27,-27,1089,1253
2018-11-17,Cuba,Dominican Republic,1,0,CONCACAF Nations League qualifier,Cuba,+12,-12,1339,1264
2018-11-17,Equatorial Guinea,Senegal,0,1,African Nations Cup qualifier,Equatorial Guinea,-5,+5,1295,1757
2018-11-17,Gabon,Mali,0,1,African Nations Cup qualifier,Gabon,-21,+21,1406,1530
2018-11-17,Gambia,Benin,3,1,African Nations Cup qualifier,The Gambia,+34,-34,1306,1390
2018-11-17,Italy,Portugal,0,0,European Nations League A,Italy,-1,+1,1883,1974
2018-11-17,Jamaica,Suriname,2,1,CONCACAF Nations League qualifier,Jamaica,+4,-4,1570,1258
2018-11-17,Jordan,India,2,1,Friendly,Jordan,+2,-2,1467,1211
2018-11-17,Malta,Kosovo,0,5,European Nations League D,Malta,-24,+24,1180,1474
2018-11-17,Namibia,Guinea-Bissau,0,0,African Nations Cup qualifier,Namibia,-10,+10,1379,1312
2018-11-17,Nicaragua,Haiti,0,2,CONCACAF Nations League qualifier,Nicaragua,-22,+22,1280,1522
2018-11-17,Philippines,East Timor,3,2,Southeast Asian Championship,Malaysia,+2,-2,1198,648
2018-11-17,Romania,Lithuania,3,0,European Nations League C,Romania,+4,-4,1734,1341
2018-11-17,Serbia,Montenegro,2,1,European Nations League C,Serbia,+6,-6,1804,1607
2018-11-17,Seychelles,Libya,1,8,African Nations Cup qualifier,the Seychelles,-9,+9,969,1476
2018-11-17,South Africa,Nigeria,1,1,African Nations Cup qualifier,South Africa,+5,-5,1547,1721
2018-11-17,Thailand,Indonesia,4,2,Southeast Asian Championship,Thailand,+10,-10,1408,1205
2018-11-17,Turkey,Sweden,0,1,European Nations League B,Turkey,-20,+20,1692,1834
2018-11-17,Uganda,Cape Verde,1,0,African Nations Cup qualifier,Uganda,+12,-12,1468,1406
2018-11-17,Vanuatu,New Caledonia,2,2,Friendly,Vanuatu,-3,+3,1207,1221
2018-11-18,Angola,Burkina Faso,2,1,African Nations Cup qualifier,Angola,+29,-29,1325,1526
2018-11-18,Bahamas,Anguilla,1,1,CONCACAF Nations League qualifier,the Bahamas,-16,+16,855,580
2018-11-18,Barbados,US Virgin Islands,3,0,CONCACAF Nations League qualifier,Barbados,+3,-3,1134,715
2018-11-18,Congo,Democratic Republic of Congo,1,1,African Nations Cup qualifier,Congo,+4,-4,1391,1547
2018-11-18,England,Croatia,2,1,European Nations League A,England,+14,-14,1960,1925
2018-11-18,Eswatini,Niger,1,2,African Nations Cup qualifier,Eswatini,-22,+22,1202,1312
2018-11-18,Ethiopia,Ghana,0,2,African Nations Cup qualifier,Ethiopia,-12,+12,1262,1626
2018-11-18,Greece,Estonia,0,1,European Nations League C,Greece,-34,+34,1613,1468
2018-11-18,Guinea,Ivory Coast,1,1,African Nations Cup qualifier,Guinea,+2,-2,1469,1605
2018-11-18,Hungary,Finland,2,0,European Nations League C,Hungary,+27,-27,1611,1621
2018-11-18,Lesotho,Tanzania,1,0,African Nations Cup qualifier,Lesotho,+18,-18,1300,1328
2018-11-18,Liberia,Zimbabwe,1,0,African Nations Cup qualifier,Liberia,+24,-24,1343,1474
2018-11-18,Madagascar,Sudan,1,3,African Nations Cup qualifier,Madagascar,-49,+49,1341,1279
2018-11-18,Mauritania,Botswana,2,1,African Nations Cup qualifier,Mauritania,+14,-14,1356,1314
2018-11-18,Moldova,Luxembourg,1,1,European Nations League D,Moldova,-5,+5,1324,1348
2018-11-18,Mozambique,Zambia,1,0,African Nations Cup qualifier,Mozambique,+24,-24,1298,1416
2018-11-18,Northern Ireland,Austria,1,2,European Nations League B,Northern Ireland,-20,+20,1623,1764
2018-11-18,Rwanda,Central African Republic,2,2,African Nations Cup qualifier,Rwanda,-2,+2,1268,1332
2018-11-18,San Marino,Belarus,0,2,European Nations League D,San Marino,-2,+2,836,1539
2018-11-18,Spain,Bosnia and Herzegovina,1,0,Friendly,Spain,+3,-3,2012,1795
2018-11-18,Saint Kitts and Nevis,Canada,0,1,CONCACAF Nations League qualifier,Saint Kitts and Nevis,-10,+10,1246,1548
2018-11-18,Switzerland,Belgium,5,2,European Nations League A,Switzerland,+45,-45,1922,2035
2018-11-18,Togo,Algeria,1,4,African Nations Cup qualifier,Togo,-35,+35,1360,1531
2018-11-18,Turks and Caicos Islands,Saint Vincent and the Grenadines,3,2,CONCACAF Nations League qualifier,Turks and Caicos Islands,+33,-33,779,1079
2018-11-19,Andorra,Latvia,0,0,European Nations League D,Andorra,+7,-7,1081,1298
2018-11-19,Bulgaria,Slovenia,1,1,European Nations League C,Bulgaria,-10,+10,1629,1560
2018-11-19,Curaçao,Guadeloupe,6,0,CONCACAF Nations League qualifier,Curaçao,+22,-22,1334,1204
2018-11-19,Cyprus,Norway,0,2,European Nations League C,Cyprus,-20,+20,1414,1678
2018-11-19,Czechia,Slovakia,1,0,European Nations League B,Czechia,+17,-17,1729,1748
2018-11-19,Denmark,Ireland,0,0,European Nations League B,Denmark,-15,+15,1898,1704
2018-11-19,Georgia,Kazakhstan,2,1,European Nations League D,Georgia,+6,-6,1546,1330
2018-11-19,Germany,Netherlands,2,2,European Nations League A,Germany,-3,+3,1938,1986
2018-11-19,Iceland,Qatar,2,2,Friendly,Belgium,-4,+4,1668,1536
2018-11-19,Liechtenstein,Armenia,2,2,European Nations League D,Liechtenstein,+12,-12,1138,1448
2018-11-19,Macedonia,Gibraltar,4,0,European Nations League D,Macedonia,+4,-4,1519,1104
2018-11-19,Martinique,Antigua and Barbuda,4,2,CONCACAF Nations League qualifier,Martinique,+6,-6,1450,1171
2018-11-19,Oman,Bahrain,2,1,Friendly,Oman,+4,-4,1538,1400
2018-11-20,Albania,Wales,1,0,Friendly,Albania,+15,-15,1515,1760
2018-11-20,Argentina,Mexico,2,0,Friendly,Argentina,+7,-7,1915,1787
2018-11-20,Australia,Lebanon,3,0,Friendly,Australia,+4,-4,1725,1460
2018-11-20,Bolivia,Iraq,0,0,Friendly,the United Arab Emirates,-3,+3,1655,1566
2018-11-20,Brazil,Cameroon,1,0,Friendly,England,+1,-1,2137,1599
2018-11-20,Cambodia,Laos,3,1,Southeast Asian Championship,Cambodia,+16,-16,794,693
2018-11-20,Chile,Honduras,4,1,Friendly,Chile,+4,-4,1851,1591
2018-11-20,China,Palestine,1,1,Friendly,China,-6,+6,1526,1383
2018-11-20,Dominica,Sint Maarten,2,0,CONCACAF Nations League qualifier,Anguilla,+14,-14,1043,810
2018-11-20,El Salvador,Haiti,1,0,Friendly,El Salvador,+9,-9,1454,1513
2018-11-20,France,Uruguay,1,0,Friendly,France,+4,-4,2093,1923
2018-11-20,French Guiana,Guyana,2,1,CONCACAF Nations League qualifier,French Guiana,+9,-9,1320,1184
2018-11-20,Iran,Venezuela,1,1,Friendly,Qatar,-2,+2,1827,1756
2018-11-20,Italy,United States,1,0,Friendly,Belgium,+6,-6,1889,1743
2018-11-20,Japan,Kyrgyzstan,4,0,Friendly,Japan,+1,-1,1731,1262
2018-11-20,Jordan,Saudi Arabia,1,1,Friendly,Jordan,0,0,1467,1576
2018-11-20,Kosovo,Azerbaijan,4,0,European Nations League D,Kosovo,+22,-22,1496,1403
2018-11-20,Kuwait,Syria,1,2,Friendly,Kuwait,-8,+8,1411,1596
2018-11-20,Malta,Faroe Islands,1,1,European Nations League D,Malta,-1,+1,1179,1255
2018-11-20,Montenegro,Romania,0,1,European Nations League C,Montenegro,-18,+18,1589,1752
2018-11-20,Myanmar,Vietnam,0,0,Southeast Asian Championship,Myanmar,+7,-7,1083,1292
2018-11-20,Nigeria,Uganda,0,0,Friendly,Nigeria,-8,+8,1713,1476
2018-11-20,Panama,Ecuador,1,2,Friendly,Panama,-7,+7,1567,1772
2018-11-20,Peru,Costa Rica,2,3,Friendly,Peru,-16,+16,1855,1724
2018-11-20,Portugal,Poland,1,1,European Nations League A,Portugal,-15,+15,1959,1752
2018-11-20,Scotland,Israel,3,2,European Nations League C,Scotland,+8,-8,1722,1561
2018-11-20,Serbia,Lithuania,4,1,European Nations League C,Serbia,+3,-3,1807,1338
2018-11-20,South Africa,Paraguay,1,1,Friendly tournament,South Africa,+3,-3,1550,1725
2018-11-20,South Korea,Uzbekistan,4,0,Friendly,Australia,+10,-10,1783,1590
2018-11-20,Sweden,Russia,2,0,European Nations League B,Sweden,+17,-17,1851,1753
2018-11-20,Tunisia,Morocco,0,1,Friendly,Tunisia,-11,+11,1650,1730
2018-11-20,Turkey,Ukraine,0,0,Friendly,Turkey,-1,+1,1691,1772
2018-11-20,United Arab Emirates,Yemen,2,0,Friendly,the United Arab Emirates,+3,-3,1505,1190
2018-11-21,Philippines,Thailand,1,1,Southeast Asian Championship,the Philippines,+6,-6,1204,1402
2018-11-21,Singapore,East Timor,6,1,Southeast Asian Championship,Singapore,+4,-4,1086,644
2018-11-24,Malaysia,Myanmar,3,0,Southeast Asian Championship,Malaysia,+26,-26,1101,1057
2018-11-24,Vietnam,Cambodia,3,0,Southeast Asian Championship,Vietnam,+2,-2,1294,792
2018-11-25,Indonesia,Philippines,0,0,Southeast Asian Championship,Indonesia,-6,+6,1199,1210
2018-11-25,Thailand,Singapore,3,0,Southeast Asian Championship,Thailand,+6,-6,1408,1080
2018-12-01,Malaysia,Thailand,0,0,Southeast Asian Championship,Malaysia,+11,-11,1112,1397
2018-12-02,Philippines,Vietnam,1,2,Southeast Asian Championship,the Philippines,-21,+21,1189,1315
2018-12-05,Thailand,Malaysia,2,2,Southeast Asian Championship,Thailand,-16,+16,1381,1128
2018-12-06,Vietnam,Philippines,2,1,Southeast Asian Championship,Vietnam,+9,-9,1324,1180
2018-12-11,Malaysia,Vietnam,2,2,Southeast Asian Championship,Malaysia,+5,-5,1133,1319
2018-12-13,Oman,Tajikistan,2,1,Friendly,Oman,+2,-2,1540,1218
2018-12-15,Vietnam,Malaysia,1,0,Southeast Asian Championship,Vietnam,+6,-6,1325,1127
2018-12-16,Oman,Tajikistan,1,0,Friendly,Oman,+2,-2,1542,1216
2018-12-16,Palestine,Pakistan,2,0,Friendly,Qatar,+2,-2,1385,936
2018-12-20,Bahrain,Tajikistan,5,0,Friendly,Bahrain,+7,-7,1407,1209
2018-12-20,Kyrgyzstan,Jordan,1,0,Friendly,Qatar,+15,-15,1277,1452
2018-12-23,Qatar,Jordan,2,0,Friendly,Qatar,+8,-8,1544,1444
2018-12-24,Iran,Palestine,1,1,Friendly,Qatar,-9,+9,1818,1394
2018-12-24,Iraq,China,2,1,Friendly,Qatar,+9,-9,1575,1517
2018-12-25,Qatar,Kyrgyzstan,1,0,Friendly,Qatar,+2,-2,1546,1275
2018-12-25,Turkmenistan,Afghanistan,2,0,Friendly,Turkey,+12,-12,1249,1145
2018-12-25,Vietnam,North Korea,1,1,Friendly,Vietnam,+1,-1,1326,1444
2018-12-27,Bahrain,Lebanon,1,0,Friendly,Bahrain,+9,-9,1416,1451
2018-12-27,India,Oman,0,0,Friendly,the United Arab Emirates,+7,-7,1218,1535
2018-12-27,Qatar,Algeria,0,1,Friendly,Qatar,-13,+13,1533,1544
2018-12-28,Afghanistan,Turkmenistan,2,2,Friendly,Turkey,+3,-3,1148,1246
2018-12-28,China,Jordan,1,1,Friendly,Qatar,-2,+2,1515,1446
2018-12-28,Iraq,Palestine,1,0,Friendly,Qatar,+5,-5,1580,1389
2018-12-28,United Arab Emirates,Kuwait,0,2,Friendly,the United Arab Emirates,-23,+23,1482,1434
2018-12-29,Bahrain,North Korea,4,0,Friendly,Bahrain,+15,-15,1431,1429
2018-12-30,Australia,Oman,5,0,Friendly,the United Arab Emirates,+10,-10,1735,1525
2018-12-30,Syria,Yemen,1,0,Friendly,the United Arab Emirates,+2,-2,1598,1188
2018-12-31,Kyrgyzstan,Palestine,2,1,Friendly,Qatar,+13,-13,1288,1376
2018-12-31,Qatar,Iran,1,2,Friendly,Qatar,-5,+5,1528,1823
2018-12-31,Saudi Arabia,South Korea,0,0,Friendly,the United Arab Emirates,+5,-5,1581,1778
2018-12-31,Vietnam,Philippines,4,2,Friendly,Qatar,+9,-9,1335,1171
